"","user","p","dperson"
"1","04RbJrWYLoUs721TfrKU"," 607"," 164"
"7","05jO2rxIAAUb56QPb0se"," 234","  83"
"13","0a6oBOvnElapBG5P96Bv"," 922"," 556"
"16","0ALR8Wou755wsfL2CcTe","2077","1063"
"19","0bgDWIbxXUIBvjlUbPPN","1826"," 944"
"22","0clKR99L0Sy97kmevdvy"," 465"," 278"
"25","0Ebt4f1oztaFsUspKWbH","1529"," 268"
"34","0h7YR0hDXkqjc4HYqKwY"," 944"," 171"
"43","0HhoSok1v0u4vbdNRYVP"," 664"," 129"
"52","0hZXaEt0ixvfxqEw1G8A"," 656"," 355"
"55","0IivxblpC2nio0Py441x","1521"," 812"
"58","0inbsPhOaOabPPeEC6nc","2002","1022"
"61","0jcHTN3yYdyhQzkVnLUr","1044"," 597"
"64","0k7vszwwXYxPnP4Vw5XO"," 226"," 131"
"70","0mpUKiNn9DYyjSaaUE0K","1595"," 289"
"79","0NHJN89Hch0Of9ghNJKK"," 115","  10"
"88","0NN4WrjWe9672gHB4KA7","1378"," 334"
"94","0rB7rf5lcqk800PYh0ge","1636"," 860"
"97","0SneXLL9f9dHOOhrAySX"," 789"," 143"
"106","0TkVMRutel79taEbXfyY"," 206","  32"
"115","0vYw4n2i4nRJejjtkTxw","1111"," 196"
"124","0XeWrrOXsb52RZXNlDWw","  43","   7"
"133","0ZA7dUlNSzAnkr1qeKXn"," 864"," 156"
"142","11pBLvD73W4WF431TrKu","2567","1288"
"145","13bC2M7XoXXSpZKl1JiS","2220","1126"
"148","13BSwyt6AHh2c3ZvuDuV"," 173"," 234"
"151","14twiIOdlx1IztxrMQfN"," 654"," 415"
"154","173dPjJJ3u8xemNDLtVe"," 672"," 367"
"157","19meiJctDtdH1mf0NlVI","2084","1056"
"160","1aTtGKj8kyS9qL5kJfUH"," 992"," 240"
"166","1bj9UoIOa8AFjMhCWXgG"," 520"," 284"
"169","1bJxRMMaCnV2rRMt5YDh","1627"," 285"
"178","1BUY7QP1ci8Gu0U56JdQ","1479"," 796"
"181","1bvaqgQnDUSdth46fHPt"," 781"," 478"
"184","1c1gTGy4M9DmYWKL97iJ","1904"," 447"
"190","1Geu2UIDWuc7UtBuHTHg"," 406","  71"
"199","1J5zUqUlETr0Mb1W8UNR","2069","1055"
"202","1JtN0mEWkCXoypX7chkX"," 695"," 174"
"208","1l13O5JMsPfgQruufYzI","1358"," 731"
"211","1LjKegXKFnh96UKSwEw3","2052"," 471"
"217","1mLv5iwLdbJU6X3HQRK1","  47","  10"
"223","1ouw2UoabwSbgpDj8PsY","2473"," 576"
"229","1pOK2srFuU1vZQwuvATC","2282"," 397"
"238","1PQWA2WgwOEehedBEAmk"," 489"," 124"
"244","1rp28BuVXcO6VXc4V7W6","2386"," 557"
"250","1ShnvkJewf3TSRB8spnv"," 896"," 164"
"259","1sK8zQNkgz7CEQMseNak"," 339"," 168"
"262","1x6HpWFUiEghA7RunOrT"," 400"," 221"
"265","1yDUy8uROJoJyyMo2b2a","2390","1210"
"268","203bfu6fDrVyAc0N2Pjn","1747"," 408"
"274","23HOw6OxCH5k8u7HJrsk","  13","   3"
"277","24GgU6QWskOJN8KTe9In"," 608"," 208"
"283","264lk2SBI9diKAeKbHAL","1895"," 975"
"286","26ZnSbsk8G8yFvAvl2B6"," 303","  61"
"292","27IXQmL9DZBqB3BuioQS","1610"," 888"
"295","28wMcZgA8N1b3bkFvbSb"," 768"," 467"
"298","29YUlMm0wKnU6GZlwYlD"," 190"," 107"
"301","2ApaPFs5eqtDsNFBf9tN","1072"," 613"
"304","2BCzSlIUOmxEXv1QPZyC","1854"," 957"
"307","2C1NVqoiJ7qyKFe8J1pT","1060"," 605"
"310","2e19zlqIR6iboERRfRIW","1012"," 184"
"319","2gkOxk9Ol1pNz9V0zi4q","1956","1015"
"322","2gmZgKGOAfQJ8WEHJZ6m","1641"," 291"
"331","2IAExmxyXNa7qvUWJdvl","1580"," 826"
"334","2JD7a6Fluxo9Hr6K1tfE"," 157","  26"
"343","2kAcPsw9zYRusQ5I096M","2096","1064"
"346","2M8bPjtwH4mwRovsnulo"," 369"," 180"
"349","2MTToKshng1B1nIceAPY","2597"," 446"
"358","2Pqw0R1k7sKdhK5DFIm5"," 856"," 208"
"364","2Q7NzPvW7ljdmNwQJZZT"," 504"," 301"
"367","2qJAANh2rrVr8JUg8nX5"," 440"," 107"
"373","2QwMkUzAQg8g9fpnuTCA","1102"," 272"
"379","2rP4fr2jtf3bVhOHl9dH","1596"," 283"
"388","2rytkfN5JLFuc4Q90Yik"," 564"," 373"
"391","2TMG3qwD3z5g4JLKhY5Z"," 533"," 296"
"394","2u9w5H1FiaoyNJWayEf3"," 688"," 221"
"400","2usQpOHohTu6tbilMZcU"," 317"," 169"
"403","2viREXaVcTbDj16cz2yb","  96","  13"
"412","2WO1KD2VWMht23N0wI1l","1179"," 652"
"415","2wtan6vXeRS8PKhWTObH","1266"," 699"
"418","2WvXPfUx7r1YEUInpdeZ","1249"," 301"
"424","2WzevFQj2dEBIg2RcPlg"," 271"," 140"
"427","2x32aPv9bZOkOIFDATTl","2312"," 537"
"433","309sjMPnzmZ1P305ZyDW"," 494","  88"
"442","31QrD96kALLLr1vrGRGS"," 391"," 219"
"445","33wVqnphSB5o43BK5bsU","1720"," 307"
"454","343SmE1rFNctbSzvWb0e","  24","  10"
"457","34GGmZ92tLt65Hsh1nox"," 977"," 237"
"463","36KVpQ12rDDNUH1v4WNB"," 297"," 152"
"466","3AvAz4SnNEgoAwADf5WJ","1259"," 696"
"469","3Cc9XU0UbD2gU9BjSh81","1317"," 712"
"472","3Ce8ppDetDiChddbYIct","2504","1267"
"475","3dtDCuRUhZvu1CBp732z"," 176","  30"
"484","3e6fjs5wnDrgPllovtDN","1267"," 305"
"490","3hLTE57FeZ2l49qZYZ0V"," 620"," 210"
"496","3I76Rl5Iqhg4HyuZbyH6","1221"," 678"
"499","3ihQoCNRZPDNg1Ti2E7x","1760"," 318"
"508","3IS3GjIl5IMPhIP6lRYj","1832"," 332"
"517","3iwGIvzL3pZLKq1tWd4y","2123"," 368"
"526","3K5DcDxGXi6N3lITTZRE"," 246","  35"
"535","3kWGAysJWClrc80B67gD"," 483"," 265"
"538","3kXHEHTF83FlU6X3LYiX","2143"," 374"
"547","3LGUNz2svaQGcoDIWoEs"," 660"," 359"
"550","3M40cwS52qKd40opPV24","1697"," 399"
"556","3nOa2q5ddUfNBg70ZSmP"," 692","  99"
"565","3nTsmmFQudx9eNDIHLqF","1013"," 585"
"568","3oeqh7QxjrlfF2GSNfhW"," 898"," 534"
"571","3p17AnnUR0X4cdK28QM8"," 180","  73"
"574","3p9sQGCLMt4FVBOPdFYg"," 513"," 277"
"577","3R5C4teUm6Ktog7wpwiV","1850"," 337"
"586","3RlbMuaEWpz0dJXf6ELN"," 829"," 151"
"595","3RqwHDkngHOgDU2Y5r8z","  15","   6"
"598","3TCrBmpaOWZKmqNjujGp"," 749"," 461"
"601","3TfdoiYIvQQRCOGDDaIT","2080","1062"
"604","3UsWQT1GPlncUQIgWGvv"," 534"," 193"
"610","3vHWOZerAEpOMbGe0Wr5","1156"," 280"
"616","3VPXplxxqEGFvWMDnhmq"," 823"," 155"
"625","3vskxJjcUwAHxIuqpOBL"," 771"," 494"
"628","3ysWw2UlnAFur5P1fbFP"," 199"," 100"
"631","3ZqazjuPJHVXAHwNfRYO"," 599"," 112"
"640","3ZtGuDqQsxFT8XNfQTys"," 183","  77"
"646","41ReDs5QM6pEFJwDPNSy"," 589"," 326"
"649","42r2WyQkwHsdyDuotVUN","2063","1047"
"652","45FqHJB14AB8306fJUfZ","1749"," 920"
"655","45yXeYD4pF2SMPqP5mZa","2524","1271"
"658","46HWfwFcNbxOBhBD21mP"," 201","  54"
"661","48Rj2mQlbEjuQVRnmns8"," 375"," 184"
"664","4DnUqLD2Y5hs3S8rUjwQ"," 548"," 153"
"670","4DWUu1heza25vxyjPN0d","1497"," 815"
"673","4dyNPiLdMJYCQdcEzvVp","2214","1121"
"676","4E4CKksOzwoKedPt3vwM","  91","  69"
"685","4eX9IwhQKWaRzURC5cn6","1682"," 393"
"691","4fiy8AxRWe1FV6xtBUZ5"," 239","  91"
"694","4fPEkn8A3eKTKuxhQJLp"," 312"," 134"
"697","4FwDY84EIq5Ts7ayOrt1","1264"," 222"
"706","4HYfJpchIcSo7C9iJW2P","  92","   9"
"715","4idCQrrp5YZm0IvPYq6m","1516"," 355"
"721","4jPCuqUQRix8HyYa1SyK","  93","  30"
"724","4k1ZFBU198dmJb9HKhjc","1138"," 278"
"730","4k4GOPSTrpIbkJ8H8dv3","1830"," 946"
"733","4k4oYjTZebAjWppGkJuI","1555"," 814"
"736","4kL7zH0x4TjODtWKYE0D"," 302"," 141"
"739","4lYWkD2JPbvbczWFLPC0"," 887"," 551"
"742","4mx0PdSweJb9E0kqi9cJ"," 229","  44"
"748","4QYtQuu1ba2BBOjjWZtU","2403"," 559"
"754","4rZLlJsDwAXx7m5wtBzd"," 352"," 193"
"757","4UawCUy6y52c3tX3mTNF"," 146","  32"
"763","4ut6zUMWnbSvRWexvYYr"," 139","  65"
"766","4V2ME8z30i6juDirUqtH"," 127","  80"
"769","4VgcZi0ZWZ0A6Xo6ICzA","1946","1007"
"772","4VhOzVl710HD25M9hHCv","  98","  50"
"775","4VoQ73Y0TZQl6p7FI6yL","1585"," 893"
"778","4WQzjdPShK3FNEcSZw1G"," 466"," 175"
"784","4Xtb1UNhNbHrdzZ4YuEE"," 739"," 458"
"787","4YOLT8L2FjTwayfQERgN","1677"," 295"
"796","4ZcfGXx9byXwmpAbNJfY"," 144","  41"
"799","4ZgPHfnqhHIeY2F2c5z0"," 135","  20"
"808","4zUreLv4riLXpW9hnifp","2198","1117"
"811","53E9d7JDuyEAMnsruWDU"," 100","  33"
"814","55u4GTfmDreSQBfOMWP9","2106"," 487"
"820","56NowNMrflSEKykzMQO0","1963","1005"
"823","57gUoQ0wvY2D0B0l3n1O","  71"," 111"
"829","58iJAIrqWuLCPfwEA66l"," 458"," 261"
"832","58Km1E7dEHhmsSBvtd0D","1246"," 689"
"835","58MS3nsiJYPBNLYyOB4Q","1079"," 266"
"841","597dSjBpMnvuXzTCgW3r","1605"," 277"
"850","5a2uHewyFge2qAn4cBOR","2482","1249"
"853","5azRBC0cNdGaKFjJKe5O","1856"," 440"
"859","5bAMXNFGv1t6O7ApxiF2","2230","1131"
"862","5FnoeQPy6YG4B2uPYVv5","   5","  45"
"871","5IXIu1KGZsPeb01hk3tB"," 774"," 479"
"874","5KtyG4gqYzPjntK8eISe"," 385","  66"
"883","5l1V9Uv3cXDVhq60zPw0","2585"," 441"
"892","5l8ljFdXW4J2pj54yPdd","1119"," 274"
"898","5lbRVTnd75sPL4S693AT"," 965"," 175"
"907","5mSFiy3GaNxxiIf3CqDc","1590"," 835"
"910","5mws7KliBEqEDA3dZofq","1604"," 378"
"916","5r7NXnktcPFjZ6QMBuCo"," 686"," 435"
"919","5RpBsY2HTaRyasncYdFy"," 122","  55"
"922","5SH4qd6iDTVpwBSjmpc5"," 149","  66"
"925","5VqgtFEjxGu1MZ7qhzp4","1952"," 453"
"934","62EeYkqtPYr908L9yod5"," 617"," 160"
"940","6389Ijuyql4pxTxxbz0T"," 850"," 514"
"943","64DXipfaBeEi33vViNG3","1448"," 257"
"952","665pUFxc7EMFb34diXBQ"," 256","  94"
"958","69WTgnVsW56hWFkND6Ek","1158"," 650"
"961","6CjqisGoooBD4X4sNQEd","1966"," 462"
"967","6fEPDz5LmgQevXEhtDOg"," 570"," 360"
"970","6h3RkjA6S4jHFhpkTFR9","   9","   4"
"976","6HekwMexJgRIdIqojLuA","2320"," 407"
"985","6hRxFuf9yPft7RTJOlxl","1700"," 395"
"991","6j5WMGS3zlSxreoh2ZLA","2597"," 614"
"997","6ldjKGy7uhipvKRN8Z0i","2256"," 526"
"1003","6m5VNG2S0rVq5QDJ9EZZ","1654"," 930"
"1006","6mezQIVa1Cn9OJldZTcL"," 476"," 271"
"1009","6mkpgKVS0wr4YNXYDDMR"," 631"," 404"
"1012","6mU77ZV7nJ0Z9CNBqrEv","  16","   7"
"1015","6NQ6PmPdwdIlcuC1tAlw","1335"," 234"
"1024","6OSH8WWOweJW6v6XLv4C"," 396"," 222"
"1027","6OVDnpMZqa8TSV56QYSI","1566"," 833"
"1030","6QBqA18tRpnvX0C3o5NX","2157"," 507"
"1036","6qvwT9MfqwQx0WZJGdva","1207"," 679"
"1039","6RMpBoLzv4wHwstRToLu","1488"," 800"
"1042","6SaAXA0vRiLJgqlfEpoK"," 879"," 521"
"1045","6soJbXM1vDcXuuskaIc2","2170","1103"
"1048","6TfedaKpOQjzIxHmevvG","1215"," 670"
"1051","6tuyWR90qlzp9GHbWVZv","2203"," 519"
"1057","6uZDe5bQciOR8JGzWpii","  72","  22"
"1063","6vp7KCD6QLPwhn3xgAlu","2216","1118"
"1066","6WTxrlhYjiFFkvM1Zy3O","1631"," 863"
"1069","6ZhQ8nLlLX6HdEYqMQha"," 477"," 171"
"1075","6zj7fVLnpDej8uDWFqOV"," 364"," 176"
"1078","722X1owsNOpWYjaD8ZHQ","1862"," 960"
"1081","799ggCpPRDObN24cqeB0","1478"," 348"
"1087","7BcZVAv2hX9RO7C6rwhN"," 368"," 171"
"1090","7BiidzoMhTUoyc6JE37l","1135"," 284"
"1096","7bMiFKgOWnf9Jinj4oXn","1123"," 637"
"1099","7BvSOSFFav7U8pXxOYAM","1662"," 298"
"1108","7d2gKSPxVoBgQdxp83t0"," 636"," 351"
"1111","7DkefTjsvtFAF7AYXqJo"," 226"," 119"
"1114","7EwgMDRO2SW32fIxpvTP"," 455"," 275"
"1117","7fWLedIZLPFTpD5yUwga"," 123","  16"
"1126","7FYuQQfkE8n4q5acsRTW"," 937"," 170"
"1135","7GEfDinEC41MsEm4RDoq","  76","  19"
"1144","7IlCcfNEqcUjRFcdXW0Z","2331"," 540"
"1150","7kiEfzKjVoITv6Dpaz00","  61","   7"
"1156","7MJYBleyrgPv9snhZ2Dl"," 504"," 185"
"1162","7mKvjS2b8CwNcB3COt2V"," 430"," 243"
"1165","7oTMIb4RdNOMz0DL8XdO","1833"," 432"
"1171","7Q7f4DYfBdsauT8tSttL","2185","1108"
"1174","7si9rYAqDg9LsvlZ8emx","2244","1138"
"1177","7sr0zmVpftF0VW6nHFcv"," 295"," 159"
"1180","7xaAKq9nA5nFNdo7scY3","  42","  11"
"1183","7zrpSORusVcZIDh35mQV"," 381"," 212"
"1186","819YelXYGgnli2hDEyOK","1216"," 212"
"1195","81YF4xFXdO0KgUyMylpg","1347"," 237"
"1207","86ftiOnfV4ciap0Po6Ep","2606"," 449"
"1216","88oQvkDU4UoHZOYahvN9","   8","   2"
"1219","89tBBg7dYfGRgpcxTfFu","1103"," 636"
"1222","89ZnZg8MH7PraDeVsd1b"," 409"," 229"
"1225","8Ax3MUkhZbJ9gqyfoHBh","2542","1278"
"1228","8h07QsOyXm6LG8ro68yp","1906"," 977"
"1231","8is24wORurNgQ91j4i1G"," 426"," 242"
"1234","8jGQemDYw0tmDhQVStqo"," 458"," 115"
"1240","8JnujiP3kIGMzQlgim7X","  36","  12"
"1246","8Lz4DNDG8oaJNFjItkfe","1242"," 217"
"1255","8LZEA0JkGd4zpzpYjx37"," 175","  87"
"1264","8lzqWzKwAqqaIIwciK5d","1263"," 695"
"1267","8mNE0h5O5NkGmBFjng8z"," 604"," 113"
"1279","8O8gClg8jQbpuQWBEQCk","1730"," 403"
"1285","8oRIKEDo2mjsLKHZgISW"," 676"," 216"
"1291","8pp6875tHjqwf0TyTjzw","2225"," 384"
"1300","8SjxLTttPURIV2VBI8ej","1782"," 421"
"1306","8T9piSi3JBLMRn2KwhCK","2286"," 400"
"1315","8uKgvNjmlcTiYA8pGKr8","  37","   9"
"1318","8VKG80I24MHEjKRzWbt5","1744"," 915"
"1321","8w1mALg5rjn9K6oBny0u"," 273"," 107"
"1327","8WqmsUYNLcFxwqRvcxbd","1418"," 763"
"1330","8xJoDOEBPBvQVoQwYauk"," 560"," 308"
"1333","8zCUazObgjVvaKWtZLgk","2196","1112"
"1336","911QUoiE5JbdaOwb2DEg"," 449"," 123"
"1342","93PKKThf0NJryCYY8asW","2595"," 611"
"1351","95JVbQjzAt1e7bIiP2p4"," 120","  21"
"1360","95qkJPHhJgDTt1c48NT5","1471"," 792"
"1363","95ZuJUYc1uksKyhYIfgB","1821"," 330"
"1372","96BAFOTAH9KAuLDegvuM","1721"," 400"
"1378","98a2M1s1c2o7VTgDQEBx","1885"," 972"
"1381","99xAZV5DCD14h0dUPjzP","1376"," 332"
"1387","9AXR8xkjz0Ak6P9eXS3i","1287"," 226"
"1396","9cmd1zaGHXsmb9cYrlvj"," 337"," 135"
"1402","9DRtdpin3TeMsuN3iv2K"," 411","  95"
"1408","9f4jF3nFKkx0J8rYcRYV"," 776"," 475"
"1411","9getfGR3iFtcA45BDGkx"," 931"," 545"
"1414","9gZmKhDF9jGKX433lU7n","1916"," 344"
"1423","9HLqIrP8rgKBIT6CEmDl"," 226"," 337"
"1426","9J2WG7KOe29rSdAu15l1","  86","  53"
"1429","9j94yTQ2c1oGzTPf9wPM"," 103","  18"
"1438","9jO0MmpDVSJgdWzjxskt","1412"," 759"
"1441","9kBCopNzl3C70FqxZCut","1311"," 711"
"1444","9KydGskcRNzizlacs3Us","1337"," 729"
"1447","9lgcE1Kaw9A5dNL9ymHc"," 725"," 453"
"1450","9N4DLNJmhwnfqeA3N6ni","1991"," 461"
"1456","9NYD8IfmJXW00phEb3Jp","1184"," 206"
"1465","9r6eUY6XjHAe4igvuH0d","2319","1174"
"1468","9r8hnlsyuQBXW58Vdho0"," 940"," 549"
"1471","9TE082IJw0iMlrsWk714","2611"," 617"
"1477","9TUGivTG49ZCCaTKcLEf","2445","1233"
"1480","9WsAuF0Q82WcMkUrGLPC"," 136","  21"
"1489","9xEPGfeSEeuIqI8h0XM3","2501","1262"
"1492","9xVxxsqjlsdp8qe4UiIA","1106"," 270"
"1498","9Z6An3olni0YP5B6uVVg","2261","1146"
"1501","9Zj8ps3oiXyOk1fxhMgF"," 905"," 166"
"1510","A0ec8rk7A64v5fkJS5p8","1016"," 247"
"1516","a0y318UL7KrJ6K7RGb2N"," 450","  79"
"1525","A3iyc4RywuKjMDEeX0HQ"," 743"," 188"
"1531","A3Nhfz00LIv6Vja2bLWE","2083"," 360"
"1540","a405MD0z7a1UIuirUwiM"," 765"," 469"
"1543","a58LJXI5sX6saaXsZwkl","2273"," 531"
"1549","A6WYc0NqAfJJgbFIRwYM","2586"," 440"
"1558","A9wTJ5cgxXnc8Ym4Jhve","1472"," 347"
"1564","abkih4O5vHZOnFNi7ReG","2417"," 421"
"1573","acTO4SkNOsViQulP3yRn","1505"," 389"
"1579","ADonyC86K0pBa5glIumk","1054"," 189"
"1588","AELIbNNwzmc3Px3e9SNF","  71","  84"
"1594","afOwnVlwX7e8AoKESSJ7"," 523"," 309"
"1597","aFTqALfEAWGy44btC74x"," 382"," 174"
"1603","agBZo8DIikTHwjflJQIg","2021","1050"
"1606","AGeePmDLD6NsUCKSBt3H"," 164","  49"
"1612","agj2hV6iEbWbrbRwmnzB","2458","1246"
"1615","aHKpRI9snp4WEnhcq36v"," 621"," 118"
"1624","AhkyUg49IKB8ZZpEwcBI"," 860"," 529"
"1627","ai3dZnfxpz2ZLzTvzsTu","1503"," 806"
"1630","AIXu9KEQc4GrDVNcG08H"," 683"," 432"
"1633","aj6U4JSh93bTxb4xfSNx","2433","1231"
"1636","ajchBeQY1RpkhFcsEY3L"," 347","  53"
"1645","ajoiqXFJ82Mm1D25Wrix","1485"," 351"
"1651","AK2wvGIA1Md3WEcUky6i","2109","1078"
"1654","AkBOIIW2torQnev1UVGG","1982"," 350"
"1663","aKnjnpfiM695LRfpRPYO","  50","  18"
"1669","aLtb2S5a4QhIlSDDdlYG","1318"," 717"
"1672","aM4pBnpcv1WQOFTbWLVb"," 392"," 220"
"1675","am54EJIb5kIQySjmaXxv"," 603"," 157"
"1681","AMe7yUdfimNU3YZByZ93"," 487"," 272"
"1684","aNDcgCVFhIOS6khyDJJi","1726"," 404"
"1690","ANf7CF1xHMKubYbXU7Lh"," 536"," 295"
"1693","aNVxe84FoDk9sZFOcUUb","1368"," 737"
"1696","AOhUsMFVeIcTTl9B0FhA","1288"," 315"
"1702","aoIi2MftTlSJJILWqLuW"," 457"," 168"
"1708","AoroHDA2EHrAyKrkduNa","2070","1049"
"1711","ApXVZgTOabaWy7HLlNqT","1098"," 269"
"1717","AQjQ2SAQdMFsZmZNq4In","1512"," 269"
"1726","AQthM26yBVnNoS0HcCmP"," 870"," 518"
"1729","aRhDWizD4iDOnhmJUTZN"," 674"," 425"
"1732","aRNoiR092IRan7Jr3P4L","2130","1092"
"1735","ArXTYXdtHNa9YDv3wIfQ","1880"," 970"
"1738","ascD23OD6IiTWf2TKFFH","1164"," 649"
"1741","ATEP7ZK3uAg98TM4lvor"," 327"," 139"
"1744","atUGo0PJKtkgbPfzVmOr","  51","  39"
"1747","aTYQ0ACb6ijzuM7t7AnP"," 498"," 130"
"1753","Au8WJVuQN5X8vyNVjL4i","1993","1032"
"1756","AUfSd7cFdaZxKOPxipMs","2537","1280"
"1759","avAEIJll3U0B7qhYnbC9"," 158","  24"
"1768","avvZSkbFulzxbXS7kZYF"," 126","  28"
"1774","avWlwMDn8DgsaTM3gFxk"," 430"," 243"
"1777","AwBQDAzDyzvbgKWRfM4W","2129","1091"
"1780","aWJOMdYMjGXDQpnxxvgv","2020","1025"
"1783","AWMQBI740FSXEcxAf1XO"," 203","  30"
"1789","awyEnICQ7rCJKQMbi3Hb"," 136","  32"
"1795","axVFDPIiz2WQnwrO9MNS","2440"," 564"
"1801","aYqE7kusxw11AXYwcgRi","1025"," 591"
"1804","AZOkqixi0YjWbp66p7CN","1096"," 647"
"1807","b0cb1oXJjx9U2uGBOl4e"," 366"," 205"
"1810","b0ZE4YiKjyfhQct8GdiR","1875"," 971"
"1813","B1jQvHjJ1R9xANYdcziB"," 319"," 124"
"1819","B2vw0whq5ZcHqbfXfMFt","1587"," 853"
"1822","b4vxe2Ws8Bqzbv1ywYBa","   3","   2"
"1828","b6GsUUBTeFl2QFyKvI4B","1557"," 273"
"1837","B6nXUwQwBu7hJ0NDH9F9","1995","1017"
"1840","B7Fa5QJ3c5PyAHqq5sdx","1426"," 768"
"1843","b7gWgLveOrXRFpXk54EQ","1337"," 727"
"1846","b9uQxEFc1sMmrlXKLkTc"," 533"," 137"
"1852","bbejfkyVrbILXI41mOts","  37","  23"
"1858","bc1WqFYsiSLjLGWzfXPn"," 200","  64"
"1861","BDGFe5lTlpnXil97wbEP"," 236"," 106"
"1864","BdIycYQZDRjrBzcjDNh8","1443"," 776"
"1867","BDpA6VNshqgZCAZ3q3s2","2472","1242"
"1870","bDsrVVqhdyUbIv8mLop4"," 365"," 213"
"1873","bE87781R13S6R6hheEki","2489"," 580"
"1879","BeAeGcNiscz4hOoA5jbe","2430","1230"
"1882","bEFLpGe1zNjgn11c14H9"," 529"," 327"
"1885","BeNppuOGm098zsPrj3eX","2399","1218"
"1888","Bf47fwxJVU1hIVShKl8g"," 808"," 198"
"1894","bgIvOcCDcmAeeNkKQPko","1789"," 934"
"1897","bGJL9xFm06Wq9cKjbi7a","2269","1152"
"1900","BheBIju4F8zahAS0EpgG"," 987"," 239"
"1906","bhJF4VQFwxYDIkgWTOQl","1508"," 813"
"1909","BHQsZT5aDysk5gzJx6YT","1774"," 321"
"1918","BI1aVzSRDD8j8RPoQodH","  14","   6"
"1924","bIIVvoUZDK7e4bvBJelw","2206"," 518"
"1930","bJm8JGBlBecIKrW6BEwT"," 401"," 232"
"1933","bkGeFPYweWXeG3g7taW2"," 979"," 568"
"1936","bLXc7ra5HGW2JSYgoFIh"," 464"," 270"
"1939","BMUTz8SEXxp98rLrzQ2h"," 218","  28"
"1948","bNkDTngTvBjeSBXVPjfi"," 606"," 398"
"1951","bnkuGKrlCIohAkpdhwpc"," 786"," 193"
"1957","bokN0S7Ibkcs9sx2mzzt"," 234"," 175"
"1960","bOUNbwXOx0LRBE9gFs01"," 732"," 457"
"1963","bpvzBSK03bEiIKekIW5a"," 714"," 446"
"1966","brPyNMyfkzyIoheS0znX","2093","1061"
"1969","bsU8QsLmWuvxiAL2Cizo","2155"," 500"
"1975","BTd5ceMsWQ1dxOdrWEFs","2382","1209"
"1978","bXodJd5WOGKa2HIrWOVZ"," 960"," 559"
"1981","BxQ5PMGueTjKVFBaTBsk"," 576","  80"
"1990","bycZPsGSiDmcmwaao8h6"," 607"," 334"
"1993","bYdA0SSx6QK1ANlObQys"," 134","  60"
"1996","Byx9A9D3hivg3Abrzmfx","  24","   2"
"2005","BZ3KVpRDMRvDkn2x840p","1584"," 827"
"2008","BZdhix1hK8WyVEYYTC7e","1559"," 839"
"2011","BZo28KDigoOPPiTrscz6"," 198","  70"
"2017","c0uPZ8eaUVhljX2TzNTV"," 520","  92"
"2026","C1E6lHTbUhQ7IPRV4snX","2565","1287"
"2029","C1VxVMPxLkHdfYXxcYWU"," 463","  83"
"2038","C2yu3cxx3GP2HdZVHXv9"," 729"," 183"
"2044","C2zVZu0BzcXwHzaERMzB"," 541"," 196"
"2050","C5xNfprhK2v4ZrA92oDs"," 628"," 212"
"2056","c7cOA25pIs9iAv8KDKVc","2436"," 563"
"2062","c7fufriZvGU0ZBt70j9Z"," 529"," 191"
"2068","c9SEwTkEFB7vdVzq6PRH","1714"," 397"
"2074","CAkrXyEuWZ9e6DKEaRMU"," 581"," 374"
"2077","CaxABR0tf7wnqP6xR9h4","2552"," 435"
"2086","CCPQEeW3bUKRzPdjEsW4","1474"," 807"
"2089","cCyQnVKRFwUvuSIT8foc","1953"," 467"
"2095","CdSpKDfpKpK82NaQlX4a","1582"," 844"
"2098","Ce0rgwQhr4a9ICDclAd8"," 395"," 160"
"2104","CE1rPP4dA0P8PpxC3lkh","1723"," 901"
"2107","cekKiGaSm1fFZVcb9Yrs","2265"," 529"
"2113","CGMipVAnZd6j6yGQPYln","1801"," 940"
"2116","ChQmpHFuYobMV6CSwhLL"," 752"," 462"
"2119","cHVSCD5W8w1lNHuAky9S","2005"," 364"
"2128","cIQNeNknRg0msuguV5G1"," 547"," 341"
"2131","Civ4qXj06xe73YcO6aOb","1062"," 261"
"2137","cJ5LFYthBw6vnXTOkECG","2502","1265"
"2140","cJGG5fJCBuFLk7lmnWlj"," 421"," 230"
"2143","CjTAUIxEYtgFZyVY4eAB"," 615"," 211"
"2149","cjzMLcXoW7CHZRUX6UJw"," 548"," 152"
"2155","CKpOtBU4tNeCR1wl3r0w"," 219","  51"
"2161","Cl0X8XWzmSQqz4v7THpU","2466","1241"
"2164","cl6iXzUdg6Cb9cAIUryZ"," 833"," 503"
"2167","CLAUkh5Qwxc41FmgPcnv"," 863"," 512"
"2170","CLivUO7W90zETxCzi2Bd","2456"," 570"
"2176","clK6Rg6vRoyMeEFDUxmu"," 139"," 155"
"2179","cm1ZDSbTd2QTHsLhd3DB","2506","1263"
"2182","CmRMvzQccmYRDDpSvYuz"," 131","  37"
"2185","cnODTVudlA2oC1ooeKZB"," 494"," 183"
"2191","cNztvwIa2SktvX25adPW"," 307"," 133"
"2194","cpmtEkmim6HJYl0bhfvC"," 682"," 171"
"2200","cptL8mhNyKw34ceJ9Rju","1061"," 607"
"2203","cpUD2CSxqiEMvM27sVWH"," 274"," 139"
"2206","cpWRUdOx7FKZsgnhsOv8","  54","  11"
"2215","CQGLSOeEygjUnyLy1ruN","1296"," 227"
"2224","cqLkGU7Z0qZnSHQlMxxn","1323"," 320"
"2230","CQUMLHG2ult0DO6jqL4p"," 481","  89"
"2239","cR1VoIskhVJVfHaqLfZl","2500","1261"
"2242","crMlKkjE0r8JLvdqybkD","1510"," 803"
"2245","CSUgy5B8BfnvQHzCa5oY","1881"," 340"
"2254","CTFPfJ6Lm1U1I7WH7Ugv"," 558"," 351"
"2257","Cui2u6mlcXcp8EtbvpDB","1301"," 228"
"2266","cv8s735PIhZrPMKdeK3m","1949","1013"
"2269","cwE8y1nOsFNbS867rmKU"," 379"," 211"
"2272","CwFtiytPLbXkQUFiDLi5","1031"," 253"
"2278","CXJb0fyM7HgfdjOmsU5I","1239"," 303"
"2284","CyJInaktoIvizwD7P6al","2027","1033"
"2287","CYvr4Bt40BRtPK4g63L2","1618"," 856"
"2290","d0kZMY4vMHaJSqPNGPwv"," 400"," 101"
"2296","D1hGXxVWDmMek6VqgtbU","2364","1200"
"2299","d3orJ3kOufXx93boSfn2","2520"," 590"
"2305","d4jNNQs6xRgryg727NRP"," 170","  46"
"2311","d5lYJOePqquj30dT6aDk"," 711"," 175"
"2317","d6DfAjS34XxXeTLO3GkT","  22","   6"
"2320","d6QAXr0BrSy4lIMW5VTJ"," 926"," 544"
"2323","D8y4Z1Di8WTRSqpojhMk"," 708"," 444"
"2326","D9VPqfyUhwifyzvf2xhN","2538","1276"
"2329","dAE34sN400vzmjTAb3bB","  97","  69"
"2332","DajpH5to5gefvSuFOUJl"," 991"," 180"
"2341","DAUr2vEx5NLP0aqIXAZ3","1869"," 965"
"2344","Db952jo9BlO4Y0Z5Z3OE"," 616"," 115"
"2353","db99ThnPRhva9FarM3mf","1480"," 797"
"2356","DBfMni2ava0XtoV1XInr","1725"," 917"
"2359","DCFbqzQQVVPLiNdhZMlv","1578"," 840"
"2362","dcOQZHHPaRt2SAm0UxIR","1422"," 341"
"2368","DCu2B5cAzydNtxMqfoie"," 684"," 220"
"2374","DCVOSBERG7EoJHrJGroP"," 286"," 119"
"2380","dDBUY4Ju00eyqaB3PWMC","1696"," 889"
"2383","ddh0hck8U2HPkLMlOfp4"," 446"," 255"
"2386","dDqd2t9Rrm6JWqgdEigM","1004"," 243"
"2392","dDvI2uxsk5nDgSIz9vV8","2141"," 497"
"2398","DefIPrrZN1I1vnx88lii","1785"," 933"
"2401","DfgVwB0Y9eSU3Nve3s5E","1247"," 690"
"2404","Dg0cji6oUW5krwseUalj"," 980"," 571"
"2407","dgder9KCEhL1CQk8cUE4","1325"," 235"
"2416","DgTbEDQDHZ5R4LzrlCPo","   5","  13"
"2419","Dh17LuXkpLXO1q13nuxa","2262","1149"
"2422","dh1Z2reJYKV75Fs6g3QA","2132","1081"
"2425","DhEeTDhQR4R6lVsai8HR","  17","   6"
"2434","DImtpZoFvTosKOBNEQBO"," 225","  70"
"2443","DJhkQAeqNMRaQWMcUsRK"," 428"," 248"
"2446","DjpygsoQRakCLDZ0la82","1751"," 921"
"2449","dJyzMw3g3rZmTDoFnweK","2301","1164"
"2452","dLIhjOAK4k0FPl9DxKEe"," 263","  52"
"2461","DlTPRWeUN2kl5HmFJ5lK"," 727"," 181"
"2467","dlxxD3KNLEttEclhRadV","2047"," 473"
"2473","dmfKCjtb5HlyDhpJabvA"," 600"," 156"
"2479","DMwSfTVp98dFRyAavSrl","2347","1191"
"2482","DMYMwaKjJ0UWwNWdN6ZC"," 280","  39"
"2491","DngzqnMZAWZ1lDocfz0o","1150"," 646"
"2494","dNniJNwxp7GpCht8GMeC","2136"," 495"
"2500","dNvDOBELt2r3q1ahSDFy","2274"," 392"
"2512","DO9jq8exWmRp5I0M2GqC"," 212","  55"
"2515","dOE01qpPW4r5KhBv3ISc"," 293"," 157"
"2518","doHe7GcJGAU1iZ2ounWR","1085"," 623"
"2521","DoVuD17YY21buI0bd1xo"," 571"," 106"
"2530","DP6YBlE0Qkc4UgUQ3ZBg","1010"," 244"
"2536","DP8rtpEBaKGTQXGnfJTw"," 826"," 492"
"2539","DpmDQtBj00AOMR3II8Lc"," 460"," 263"
"2542","DPoCDfd3cDvUxYVx5OV2","2376","1204"
"2545","DpSyB6xuk6fvO8MSfOLv","  95","  20"
"2548","dpu5GPtodZWf09RVyB1d","1285"," 705"
"2551","dPV3ViKx11Z4MyyjkOua"," 683","  97"
"2560","dQBzH9NuT2vDxXTy4FLe"," 755"," 465"
"2563","DQtY5prtK3sVMvqnVbqX","2117"," 492"
"2569","DqWFsw38Qey25p0she8F"," 456"," 258"
"2572","drbSqpxZMlLl8QDrovik","   9","   3"
"2578","Ds8NScATsNNYaxPLIYE7"," 140","  97"
"2581","DSmRFiyXjktomN4JU8NZ","1666"," 294"
"2590","DTYs3dsGiyDVq9lHUnhG"," 575","  75"
"2599","DUjzFWNSVRA6pMCCdhgs","1299"," 706"
"2602","DuWui0PEEFEdfQVJB2O9"," 622"," 119"
"2611","DViNcWev1jrEfITUa6LD"," 211"," 115"
"2614","DVUd3ES8IdtPL15iOwXN"," 228","  85"
"2617","DWkgheGHTdXaMcPHW5Ed"," 637"," 405"
"2620","DWT50KDOvQjbCYZHigEI","2144","1088"
"2623","DX1pZlvRqwr0OU9Ie2L4"," 941"," 230"
"2629","dxkcjlbFZZhZdGROnrqn","1810"," 427"
"2635","DyxDsIgB1BUNS2AMlYJc","2103"," 488"
"2641","e0cuPuB6LT2i64WAdCf0"," 362"," 249"
"2644","E0QXPV65NAAWErrj86A6"," 242","  47"
"2650","e1bVDXD488gbyPSjTBFH"," 245","  43"
"2656","E54IDH267fdIP8vQM8cd"," 586"," 378"
"2659","e5ennURS0MdeftWPievB","  90","   8"
"2668","e5i9AAeVgXtPEKTfEEMJ","1807"," 326"
"2677","e7VaX0d4jjdSqYjFTjJy","1513"," 850"
"2680","ecvLyqcEXZR7J4ktYT32","1679"," 299"
"2689","ecYp0ksmVmZMEbGbQLKz","2534"," 595"
"2695","EDDauJE0MJdVCoMWkVGU","2570"," 603"
"2701","Edhcnonbl3vYqBv6TGs2"," 932"," 548"
"2704","EdjoDta6Hkj8g4t1QLyN","1476"," 818"
"2707","EDqQS0KQoc8k0Dp2qtLQ","2297","1173"
"2710","eduEaAExUfu0l20WkvhW","1445"," 778"
"2713","eej1bAkG15ksa6EJKnoa"," 831"," 204"
"2719","EEj82Y1O4YMtEYygy6pr"," 328","  50"
"2728","eFGRtoxu0IHO2PhAdm9L"," 287","  69"
"2734","eFkdR8mZu2wo8fhUfGGP","2097","1065"
"2737","Eg98KtK6bgmxYHX4Kmbe"," 158","  27"
"2746","EGFLDrYeKfxKgYN7miwR"," 405"," 270"
"2749","egoVQ4rzcka4jex6nyME","2407","1217"
"2752","eGwEe2cQKPhvH95q98iF"," 523"," 330"
"2755","egzN6ld2rpvItCWBbpYl"," 721"," 180"
"2761","Eh70iqB8OLVZCIyzkOJ7","2010"," 463"
"2767","EhKDTWhja4jEs6zir2hH","1035"," 254"
"2773","ehxwfpca17Uf9dnB5KOq","2578"," 605"
"2779","EIQT9xP5nahI1IItbfhx"," 595"," 389"
"2782","EJ50E4alVQITDIXfs85l","  47","  20"
"2788","EKDHepklLNfxSPzEOykB"," 216","  60"
"2791","eke3JczOnzzoPzdUikbF"," 388"," 156"
"2797","ElMSEM44CVQKCFWLL8Hq"," 327"," 121"
"2803","eLsmnSkD87q4sJKQ38jh","2549","1283"
"2806","ElxdyCMpIGRSOaM3Flcw"," 192","  27"
"2815","EMFBCHLvlAzKGRAbNSlr","2544"," 597"
"2821","EMiZLXy4TQKl48kOWdtQ"," 625"," 402"
"2824","emwYm0QTsQ3Bs0D5Iuz0"," 300"," 114"
"2830","emYbG17QXgF7Et8uqhb6"," 881"," 523"
"2833","eNdSxE78Q7IHryb2dwZw","2463","1244"
"2836","ENgEBmmFc8PhQkMIn427"," 532"," 291"
"2839","eof6WnCayFIZn0Jrarcc","2613","1305"
"2842","eoFY03YhorbOJgsa5rWR"," 564"," 307"
"2845","EoiavM3XNcxdkcQc7OX7","2387","1208"
"2848","EONyhArdpdes3yAF44KF"," 231"," 123"
"2851","EP5NuXMvbnl6JJlKIfB4"," 762"," 488"
"2854","EpH3snzPWXwlK9xqO0vU"," 709"," 134"
"2863","ePI87JLdbj3BfNPo6rBe","1228"," 221"
"2872","EQECjbj59mX11g8Wbwdl"," 512"," 315"
"2875","eqm4iNZI2P2zqtDm4Ytb"," 343","  52"
"2884","equwMl4VAeKfZLHDmVFX"," 492"," 192"
"2890","eRunlMddSjcu6IInzeZd","2346","1188"
"2893","esuuI0OOG4Dq4PtgiThf","1646"," 382"
"2899","ESWcvHnzSv9KkFLlcF3d"," 405"," 118"
"2905","etiku0eBmew2RafU28UH"," 268","  50"
"2911","EuW2SLWxHmi10J3UmCyr","1702"," 891"
"2914","ew1eqZjujyoJM1TgCZZb"," 371"," 208"
"2917","Ew67yiWMZtuqe0d55jdv"," 487"," 127"
"2923","EwiHR6VVS7Sq5rGCtkAP","2014"," 465"
"2929","eX9s1YuMv2YG2YPUxrM1"," 602"," 397"
"2932","eXilvlhFwkq1AkPiouZe","2098"," 362"
"2941","EYgGi9r8zt9Mf2S6ulvG"," 376","  60"
"2950","eYthCDArX9xudLVcyYRX"," 484"," 279"
"2953","ezGLjVfXcBTt7dCaTm3F"," 690"," 222"
"2959","ezXwGUsUTiRUR2iMvdQA","1394"," 750"
"2962","f0UNwRaoNgEKlEEi1JpW","2130"," 496"
"2968","F0zxcsERH9c638gWBxsY"," 320","  71"
"2974","f6EtLv51PKtXeAVHsjh6"," 601"," 396"
"2977","f7xLr0v3FKX5Jsfem4oT","2173"," 510"
"2983","fAiYcvXCcvrkCvWJ9O39"," 782"," 472"
"2986","FB9n0BkTHtkFB79oaIwL"," 613"," 401"
"2989","FbI6hUmNHd0CUPwmUjOJ"," 120","  52"
"2992","FbLxYoLJPCdk2OFkanku","1350"," 328"
"2998","fC0Vknyr4rJn0uXIY4Gy"," 820"," 502"
"3001","fcTm0FCdimrAquZfaI6T","  64","  74"
"3004","FCwui9BAsaJ4WEoD8WDR","1962","1001"
"3007","fd5CxOKYniMmpCXOiIAr","2310","1170"
"3010","fDnJb2SvditsVCnpjA1B"," 294"," 143"
"3013","FDp6FI8hXr8hxeKyaSGG","1941"," 352"
"3022","fdwYjqAwyWwl1s0WVCzq","  57","  27"
"3025","FeHXEESWgBvcYuFfDfbh"," 112","  59"
"3028","fF2SmEWi8VETsDxdjfUO","1209"," 294"
"3034","FFAh738IcM8qbvn6HwKB","2194"," 516"
"3040","FFM5OPohzv2ghZk1Xhmc","1535"," 281"
"3049","fftqfkulTkqXNkzIZX8t"," 624"," 400"
"3052","ffUpbPYeDqiFEWvdtkKU"," 259","  95"
"3055","Fg6KSAL6M5vi3M9RA6gY"," 436"," 249"
"3058","fGfTYBIwjxvffGeiMg4u","2377"," 550"
"3064","fhmioOXgeqX36optOhQM","1538"," 820"
"3067","fiIAU0rnBnoX6p3AaNGV","1525"," 825"
"3070","fJ5QhWhK3DvLs0LskpWc"," 355","  91"
"3079","fJNKR0ZZ0ZHk6MspCgWN","  89","  99"
"3082","fkrxj8WQX5Ib95sjX3yq","1361"," 735"
"3085","FMF5V56BSIGQ4xUQM6Ad"," 262","  93"
"3091","fMHZimevLER2JiDew8cb","1033"," 252"
"3097","fMRXn3K6IVShhKigjnLM","1765"," 923"
"3100","fnP5MBnz82oNYDMHT078"," 610"," 114"
"3109","FO07rHdkqrUVYUSOSabR","1105"," 194"
"3118","fObiP43MQ9thlLOd7wbZ"," 449"," 264"
"3121","fOBxHacRtuObjg1cvw7i","2469"," 427"
"3130","FoflTexJ1lMAvgGNmYrF","2019"," 481"
"3136","FOiJ8f9nPJTHqnQTSeIl","1185"," 208"
"3145","FPbiXfwB9flua98RWwXF"," 719"," 179"
"3151","FPccXqIDjTLPpFiqZTSc"," 809"," 200"
"3157","FPLfWwvkb3ol1464HELP","1776"," 417"
"3163","FpUVvWsG5Hz0CUD2WooA"," 447","  60"
"3172","FpXqO5NhHerRuyKLAPaf","1489"," 261"
"3181","FQldJjHQ2EluxLJpSreC"," 175"," 347"
"3184","fqPDSxyadBTVOP3mxQ1T","1341"," 723"
"3187","FR4DHdXLNzVNbSFpWILr","2467"," 574"
"3193","Frr4KVRBkZ9BCeceLU8O"," 177","  83"
"3196","fRUqjsUZYWQFX2IWR0QP"," 910"," 538"
"3199","Fs3ULIXCnCAhuuAmhoc1","2370","1198"
"3202","fStDCPxxkkQZ0aMVLl0m"," 363"," 195"
"3205","FtTrtjnqwnonRjOsVLRP"," 376"," 158"
"3211","FuIKJiwSPwkZzTfkW57O","1191"," 659"
"3214","FUxPPVBYMj5oLRRhmjbg","1898"," 445"
"3220","FVOPXY3CrrIHdYzkviwd"," 837"," 513"
"3223","FvzLQTfGbX5xJsXdG5Wo","1703"," 303"
"3232","FWJ6Te00EGdJ1ALEumcx"," 791"," 195"
"3238","fWrU5SQMFCDr3uBnn8Xu"," 314"," 165"
"3241","fyHwWILsHqxfcHHPZNvc"," 658","  94"
"3250","FZBp7y4PNejPfj2XqREE","1022"," 186"
"3259","fzLv6wQd9vRSvJU9GIW5","2039"," 468"
"3265","FzSC7O3I88uE0YOhNMPk","2353"," 543"
"3271","G1McYVa7hIJ8oqZNm3Z2"," 610"," 209"
"3277","g1SLdTHGZ2MrB9GyXry2","2171","1104"
"3280","G29H0XzTmx1UTxUSmtmF","1454"," 781"
"3283","G2FhXgUvUWP01ajtrlsH","2488","1254"
"3286","g2ga0oaNmTA0Jc1VLWUT"," 153","  45"
"3292","G4btgZjVhWw4iWrurLwX"," 112","  47"
"3295","G4FvnuiUeuT4TgRgVWZz"," 650","  93"
"3304","g65ckgdBWkdCYjHY5byz","1701"," 401"
"3310","G74x9BiUnbgriicsR5fG","2582","1297"
"3313","G7KujXlOp77AsHwLLnkb"," 215"," 115"
"3316","G7uV9arwNxevnnMeZRW4"," 245"," 134"
"3319","g8YkyL2OwYr0JY8x4MtR"," 601"," 328"
"3322","GaADLEV1derlfyf4l120"," 584"," 154"
"3328","GassSXp2VBsq1cfAwcZ5","  99","   7"
"3337","gBf8x6NIcDVlftnPYxp8","2218","1135"
"3340","gbJsQXxjPFJIJqR46wti","1487"," 793"
"3343","gBkej4RL4LUyRkuCfsCi","1920"," 449"
"3349","GBUMaEsFOJzKhlhDn5O3","1069"," 609"
"3352","gbzwUd0x8o9UTOgJigO5","1872"," 967"
"3355","GCFZPVfsLRNjCEjYpwjd","1968"," 458"
"3361","gCmTzp7rb6PaiQJ0Q8qA"," 116","  31"
"3367","Gd1sOJW2X2pcsLiBzu22","2365"," 415"
"3376","gdMHIR17wnec0MALrWBn"," 626"," 161"
"3382","gDZIbPkRVtUnmIOmJMQG","1924"," 450"
"3388","GE0409UxqaOhVKT6Me6Y"," 377"," 151"
"3394","GEfq7T6Iz2BrSd5hKIx6"," 753"," 466"
"3397","GFnEIODpJtfNMwiKLgjE","1791"," 323"
"3406","GfRsGV7er160bqHAEGIm","2292","1158"
"3409","gFZdmwgkovjmVoj9R05r"," 759"," 139"
"3418","GHURHq8GEg6j2M7fw6rW"," 213","  50"
"3427","GI8HVE739QHtKKbGIOfD","1867"," 962"
"3430","gjbZA47Vb9EfXdMiRTCT","1533"," 266"
"3439","gjL5BPw4113eTuYBJG9Q","1114"," 276"
"3445","gjLrKpmpnRAWLKeL3l6M","1918"," 345"
"3454","GKApeseSPX6Oo99RXRSD","1107"," 271"
"3460","gkO7sjx7RoAH5kb4LQEj"," 656"," 169"
"3466","glr07fUtjsVUzUknXm9r","1005"," 242"
"3472","GLu6XXcu9U1hI41T0Kni"," 404","  72"
"3481","GLUHHRXKXWGbBJe2Wy3E"," 288","  60"
"3487","GLyrdgFTWAceBHhaJVZf"," 409","  73"
"3496","gmBsB0fSefm8NIbt9P4w","1761"," 413"
"3502","GnguOt338kEoqZvpWZBF","2224","1130"
"3505","GnJKgmNKvushmbekZYp7","2165"," 377"
"3514","GNSNYeILEPhQir44hUBN","  20","   9"
"3517","GOoDnedRyau8XCTok04v","1671"," 394"
"3523","GOSjadRnnCndbONrsJMJ"," 104","  34"
"3529","GQAflLBmihyNfvTvmz4a","2380"," 549"
"3538","gsRoTMG3DxpqSvAKxI3C"," 671"," 424"
"3541","GtAq1Q3aOEx2UoDS9xIh","1842"," 952"
"3544","gTudcXNkmQZfnzF1JLrC","2560"," 600"
"3550","guhlXkIQn2G8KLdUgPWH"," 527"," 328"
"3553","gUTm96P5NlHzX8DmjuNQ"," 492"," 339"
"3556","gvaMm5FxD5aEcAq9biBu","2315","1171"
"3559","gVBX86fhRIVlZk9FwXGv"," 185"," 103"
"3562","gW19Y53yy23W8BuWVRpd","1935"," 983"
"3565","GWPTsO4kD4rPOScuzyTd"," 384"," 194"
"3568","gXhrH4E9NRAs0qbK0bYn","1339"," 721"
"3571","GXLRGG2QhmxpgF42HIfJ"," 202","  37"
"3577","gxPptYwysnmQto0tf0mA","2496","1258"
"3580","GyfoWOCvznjJhFxstXex","1996","1012"
"3583","gzHuyi7BGLSjcyEYHFea","1303"," 709"
"3586","H04Tk0b1Zihra88iIpUu"," 491"," 296"
"3589","h0lU3yAbE0WzEy9fPtTI"," 388"," 198"
"3592","h2gjvT1sWGfnoZZdf9eL","  34","  12"
"3598","H3Vt7rG5pIJacEIvCSAq"," 952"," 231"
"3604","H4gNeIMe78FEdbiDkb09","2066"," 479"
"3610","h5TqqSghnkBfOr7xs7JF"," 260","  88"
"3616","H73r3oGPnBjIWohHvKi2","1173"," 285"
"3622","HAAZTrtL9zcvADhVqHps","2400","1216"
"3625","hB1UR31dkEW9xzDMflAF","2424"," 561"
"3631","hBACjqCOXlyQ645h3vVM","  79","  16"
"3637","HCrMcKgxMw7bPkxI3jgT"," 858"," 510"
"3640","HdZB7QZhn9ht4ciWf8vE","1763"," 412"
"3646","HE5nuartqf2Hu5dlrapf"," 256","  75"
"3652","Het8Eb6XL6xorcvuKhDQ"," 262","  42"
"3661","HevUC1GekMdLs09BfGcQ"," 628"," 163"
"3667","HFVZ7Obbgwzo6uOsFzzQ","1198"," 662"
"3670","hg40rRpmajkPxQsoOPji","1598"," 852"
"3673","hGZCMeOYp6hGcA2lbmtz","2147","1089"
"3676","HHPa4T1ELcm63HZSvXfN","  84","  29"
"3682","hiQaktQchrVXS80NWQzv"," 416","  74"
"3691","Hj3tUwD9g3B2QsqLf2hl"," 481"," 269"
"3694","hjoLNpwesn5uFp4gBWz2","1331"," 719"
"3697","HkJLl0I3674vypZ4ioeK"," 121","  43"
"3700","HMfbjH9gIrURZwlRBDWt","  73","  21"
"3703","HMGxMD02FNGrRRsfVQnv","1440"," 254"
"3712","hmNgI7XrGvN46uR03OQt","2252"," 530"
"3718","hmvIcuqYGGzMbwQGAP6L"," 160","  71"
"3721","HN8prdHbXRivu10VRN0R","2369","1203"
"3724","HNATq9VB7wJJRBmwiauk","1624"," 877"
"3727","hnHBYRl1wSkYlcCs766V"," 638"," 350"
"3730","hNwdSCAtBgfW4ximAvTN","1333"," 720"
"3733","hosZrtPL4QAIxCqu37Um","2345","1189"
"3736","HOxByk7M1fnqT4dt5WUo"," 542"," 303"
"3739","Hp6ZopjYM7FNCpuT9x5C","1188"," 292"
"3745","HPhfjKjbX8AFlU38eU1i","1864"," 964"
"3748","hpSGLEkaYJsb4Op9Qy2f","  66","  25"
"3754","hQ4GiWZICSrqJdWuCxYs","2094","1069"
"3757","HQ734gpbXJ38DfDVvOLX","2248","1145"
"3760","hQgRcHqN0jgeGA8iRHOY","1248"," 688"
"3763","HqMCdlLV7gb8dkUOm4l7","2296","1161"
"3766","hqqzr8c1IaQ32sH4yMwM"," 403","  96"
"3772","hQyygKOfCYPngxp6V8fp"," 750"," 142"
"3781","HrPzadpMOSHXxrIKKdO9"," 107"," 222"
"3784","HrXMHpkDnjfGcvcHAjtx","2201"," 380"
"3793","hsGBqWpLbCFjQe1UDZrn"," 792"," 476"
"3796","HsuHGilC9MRagqW3nahX","1620"," 284"
"3805","hTBgcNjGgviUXJcJeWvd","2432"," 422"
"3814","hTn8RrpxEppkQmwjvWp0","2324","1178"
"3817","HUd2Dny4NvYZwAXzKaew","2116","1076"
"3820","HUKBKhv2aUZPHatwOCWQ","1413"," 247"
"3829","hxrfDXZaaNAWfrEak74B"," 273","  63"
"3835","hxzM7hZb7A974poeelVX","1534"," 375"
"3841","hy0k82n4dMyT14v9HjVK"," 306"," 120"
"3847","hY4mY680De8LjMhOT9rt","2593"," 609"
"3853","hY6Yzpe9PrHCAwoG66uH"," 265"," 151"
"3856","HYKjv0aoDHv8haDaGmEd","1848"," 435"
"3862","hyPZCumxCo1tmiQmrJRV"," 698"," 437"
"3865","hzMdXXJUtcOf9VE61h8G"," 570"," 202"
"3871","hZwBf0krbbW8Gx7BcqX5","2450"," 568"
"3877","i0IGznd8ZsnZ5Gs51KNJ"," 669"," 423"
"3880","I1CNJXRtnK6Aib0r6q5L"," 258","  90"
"3886","i2HeoyvhW50cBDRmKSbK","1728"," 308"
"3895","I2Qrj5M3zuaaIEM6kW70","1831"," 948"
"3898","I5Tafh25pTLicY0HcVXQ","1122"," 275"
"3904","I7bR5dRbeCgZneIDRYvn"," 193","  68"
"3910","i9sYM1TddazwMvsC8C1V","2568","1290"
"3913","IAur6HgMezkwUlMKx2GF","2001"," 355"
"3922","IBFU72CtU2VuO6Avouxy","2029","1036"
"3925","ICXxfw2OTx97YWBjLmHN","1548"," 829"
"3928","iderWFZ6aFmgPqeUoQIu"," 198","  96"
"3931","idevfj75WKgFHRzCG5Pb","2325","1179"
"3934","IdLfrgrPKk9fZhGq9lRQ"," 297","  64"
"3940","IgaTxlkEr9CIWEEU11OS","2183","1110"
"3943","IgkCbJVC2Qy5rgcdFdJh"," 591","  81"
"3952","IHaLzLvtE0xYxkfNQ0zZ","1919"," 984"
"3955","Ii3h9n1Cd8mYbCJcAIn4"," 844"," 498"
"3958","IiMV37dANyG55XSxzTEZ"," 480","  86"
"3967","iJDzzqDcttJEaqSA74Wi"," 289"," 109"
"3970","iJjdpoAr8AOVJVmTiVeY"," 490"," 369"
"3973","IjmLUgiICuQP1R1p2AjI"," 915"," 168"
"3982","iK125t125mbelTDLYTST"," 475","  62"
"3991","IkikReyDkfnarhB7F2wi","  39","  18"
"3997","IklQCaPqMOhsE3KVFiuy","   5"," 209"
"4000","IKSduTcZV7wjCrUKztWg"," 888"," 524"
"4003","ILWwO0EbzjH5xwNXEyDs"," 353","  80"
"4009","IMkFveCe2Q4ceC7giEZ5"," 582","  76"
"4018","iMUG8eD9GIjWv3DXErNg","1526"," 805"
"4021","In3qfLiNPN2hsLFitEsc","1398"," 339"
"4027","in4niTTVXyLsWqltSZIC"," 270"," 104"
"4033","InpNSJoIGwmnC8wcq5P1","1540"," 819"
"4036","iOEaOdQKMxwIA1ceVDpo"," 399"," 215"
"4039","IOrG6iN30S5918fgDMJ3","  81","  16"
"4048","IpSkQIBKyTRePUS8dx1w"," 261","  55"
"4054","iQjsq1eOihrV0G3ophew","1120"," 633"
"4057","irIXvWaVHIhaCIeY6jMT"," 462"," 121"
"4063","iRoxXcLkug6wIDLv4rlm","1502"," 798"
"4066","IS1wVYpHbtd5kx14uwZU"," 821"," 207"
"4072","iSgH89AJwGGUgwCvt5yV"," 423"," 239"
"4075","It78KO2DNWMKNIHRi7ud","1187"," 288"
"4081","ItoWOndiJVxjd303Goxo","  82","  15"
"4090","iuIRmI9fUULJoCglkQZv"," 555"," 348"
"4093","Iwc1AozHuZTCPYPFDFjD","1439"," 255"
"4102","iWhGuHaktbPT6YvU6ubp","1794"," 936"
"4105","iwwZvz1ahoMcH0YE2uwI","   7","   3"
"4111","Ix3JbrplSMJbTWHkTP7h"," 208","  30"
"4120","iyLGkMSIdZFmdh5sq9tN"," 682"," 218"
"4126","iYZmdPhVXUYiSUI5m4Us"," 210","  75"
"4135","iyzTmqFwWuzxWGr0mxWD","1279"," 311"
"4141","IZ2aQyCboJ9BQx8ep6QO","1342"," 325"
"4147","IZ6bSJuqAsJmXrEfQbC2"," 500"," 318"
"4150","IzFAlwsOPjR0ZoD45ukQ"," 253"," 123"
"4153","J05feGgQ8aqo1iOfZ9D9"," 147","  46"
"4159","J0fTDzlknuwe430nsgkS","1023"," 185"
"4168","J0STxwsxRai6pUmlGB8o","1550"," 811"
"4171","J1EobDlTUGu84g4VMRpo"," 434"," 244"
"4174","J1HnC5uG6mQcfNa8Z1Mm"," 629","  86"
"4186","J4albVXZzPLzfFfLRTTn"," 519"," 343"
"4189","J4C8fE05CqvjLPgrHHHL","1570"," 817"
"4192","J4PuHvGLUFlBCG64IyeJ"," 417"," 235"
"4195","J5bPsaCE3Xu5zKNr7nFp"," 770"," 141"
"4204","J5MCPr0F2PXxe3KPmQPm","1769"," 929"
"4207","J5PNurfr0HHUuwmt1aGB"," 563"," 200"
"4213","J7B5wZDNPvQKBYAteDAn"," 361"," 144"
"4219","J7yNEClpYla0KAwxTsDR","1601"," 898"
"4222","j8ZMGPvx7jGCpX8xMl2Y","2150"," 372"
"4231","j9aOCaGnFu8eUWKk4EWy"," 238","  88"
"4234","J9NTDmhxzGLuazNZv4Vi"," 281","  99"
"4243","JA5OOHtTgyTxTbUx7lLE","2197","1120"
"4246","jALOvpHuJga8NC8NAD3H","1839"," 953"
"4252","jDbEQ47BZyvHa8DzJQ3P","1213"," 673"
"4255","jDH97g7cenxy91VTOk1I","1498"," 263"
"4264","JE54KSF8dJS2IO2Jb9U2","1273"," 312"
"4270","jeFDzNZH2p0q02K31RSE","1567"," 276"
"4279","Jf9ukpvJqyt8v3kAa6L8"," 168","  79"
"4282","jFP14aDsDSTCtiMgQcmR","1038"," 593"
"4285","jfqvd2HH9aZMO7uhKR6t","1374"," 740"
"4288","jFR2ZqkCqBQ1sNSCqJnt","1752"," 409"
"4294","JgnTdKzjybs9AGR5JYEH","1155"," 644"
"4297","jGrl5r00K0Ny6gEv8dJE"," 482"," 268"
"4300","JhJ8LJmZaNAcjiSt4ugb","2395","1212"
"4303","JHvdyLvutLgI7lIO7mYe"," 609"," 336"
"4306","JhWoqq24j08lzuBvJIXB"," 687"," 374"
"4309","ji32K1QRLaYvCz4oTHxj","  84","  51"
"4318","Ji5Bg029051QmGvO5ekC"," 124","  17"
"4327","jijzugRlIEGJsEg8Em1Z"," 554"," 345"
"4330","jiMYU7KXOsx0uCGCSDoW"," 663"," 170"
"4336","JjvarJoPFTy7CiV8MnRc"," 102","  84"
"4339","JK9Ss42LSCzcPG58YFAs"," 667"," 127"
"4348","jLXFIgDsN3FukdGhxoVo","1425"," 767"
"4351","JnrsA76xfQ0KWhlh9cSm","1196"," 660"
"4354","jNsCNUuQPGaXi7bKx5ln","1441"," 256"
"4363","JOdi9lIrYOy5w4gjCTQG","2305","1166"
"4366","JODYEJAVGXjNWmPdjS7F"," 137","  19"
"4372","JOk7vTK2dJxnfPyvmraA"," 986"," 574"
"4375","jOX5AvKr158YgaeDD0Y2"," 311"," 111"
"4381","jPK9nFblMKEjXfZtYVZ5","  17","  10"
"4384","JPYxJHbm2ePDG85KKMfO","1140"," 279"
"4390","jQrzFdPya6fWnvPF3qAs"," 884"," 525"
"4393","JSg1Qq5fWCGIhHmUctfp"," 214","  38"
"4399","jsguHSOkRWGjZZxG47iz"," 706"," 447"
"4402","Ju63SW0hHFP7FyGGfKHH","2085"," 483"
"4408","juuz0wkVvM1ti2uQztxx","2360","1195"
"4411","jV6buGMTzgG7bvzLY9BV"," 380"," 186"
"4414","JVWsdcv672SNW5WJAr0z"," 866"," 157"
"4423","jw5QHCI0peOvFuU0grQ1","1407"," 755"
"4426","JWFExtrZD0WpYTVwA3CM","2128","1084"
"4429","JxRJVORif2NOHHMI7Kmx","2412","1223"
"4432","JYa1qneVsoQdYuYotUNR","1672"," 296"
"4441","JYcbALi6qGFZfrR0b2T7","1917"," 992"
"4444","jzsASp8KZizRN5sV95la","1395"," 749"
"4447","k0HPRg8s8y0Iedc9c7If"," 663"," 363"
"4450","K18ozDABYVdQYSutkCaI","1174"," 289"
"4456","k1uopeuCUzY7XPZioLPC","1975","1004"
"4459","K3hQDh7Z9D7xdyGYRmd8","1914"," 981"
"4462","K4anKxZpxiNQKawdfJVb","1171"," 205"
"4471","K4Foq8fBIfhZvmGN6KPE","2459","1240"
"4474","K4vZaeW5MEO4Jp18aAvI","2089"," 365"
"4483","k6AWnBiGDkU6jVNWeXB8"," 810"," 489"
"4486","K8IVxbpfQWgshZcFnM8l"," 834"," 203"
"4492","k8vQBcK1OZEFh2upW3Oq","  35","  17"
"4495","k9nD3h8fU7hjYPhMzQgv","1891"," 974"
"4498","KA17u3wVwWXaE8Ag4WHx"," 639"," 165"
"4504","kaCzS345T420iClt9UnC"," 228","  38"
"4513","KADoC5E8C2eJPpfx7GYL"," 377","  62"
"4522","kaNLRuQSbKuFA7JWP9Ja","2202"," 520"
"4528","kbEEBTSjL3md3Sr4tZo4","2205","1114"
"4531","kbIxr7Yox313CliWABk5"," 334"," 302"
"4534","kCaFRyYdH7lZFaLvSkr5","1845"," 336"
"4543","kcG5C3ZmEVNums4S28av"," 469"," 174"
"4549","KDmCwxprCpJzVe6sm3ni"," 493"," 303"
"4552","keLFJpXfgUsx6u5Tc1dX"," 964"," 234"
"4558","KEX4MBFm6jPIfglghGa6"," 886"," 212"
"4564","kflafqZACdXo9eYnMj2D"," 228","  80"
"4570","KfmKx3AuDdY9mwhSGy5T"," 332"," 148"
"4573","kfmvBTLjbbMK5gmKK9oe"," 654"," 213"
"4579","kfvqi46fq44RpzeB5luE"," 644"," 408"
"4582","kgQ9cMr4njImXyPgRzub","2447"," 569"
"4588","kHi8zZJ7hMMzPwxQ6Je5","1389"," 243"
"4597","KHyQ2fOhoK8GCjze1XYc"," 401"," 108"
"4603","kJlIauBYK7IcuTRRAKrK","1113"," 632"
"4606","kjrR4uWlcy9w6f2NsOBd","1132"," 277"
"4612","Kk4Hlc5U8e6RudMRbRLJ","2114"," 491"
"4618","KkhoKLAxRvjTTuXbeX50"," 626"," 342"
"4621","KkVlIMp1et1uSa9NixV6","  51","  28"
"4627","kLhGXfnlYaAhQxh8oCB5","2200","1113"
"4630","kLuXtFFNVm9BWDZOpWM5","1240"," 684"
"4633","KLWvC37oztDUT3msEjVW","1959"," 998"
"4636","kMmQ4uVakmgxWxKUjntW"," 418"," 234"
"4639","kMQmztQOVF7HSULBlSWn","2434","1238"
"4642","KN54ysrWNrDwDnTFokIT"," 210"," 108"
"4645","kN78wD7Y3b2lyE3Pv66f","1037"," 594"
"4648","KoAmFpPZIAhO85Ctyb9V","2251"," 525"
"4654","koCjl2WMnWScSIcYUApl","1030"," 187"
"4663","kor89AZ2oIshJDf7UkD3","1002"," 580"
"4666","kPANhhLeX7vtAFXN0tJQ"," 997"," 578"
"4669","kPgxhoWaxwpmfB6f2gp3","1840"," 951"
"4672","KQ9GcQEuwmlUH9oyYdbP","2392","1211"
"4675","KQ9WVoNoQVAs1JL8LL2s","2283","1155"
"4678","Kqk0p4WKcaR2MjE5nWOL"," 488"," 275"
"4681","kqKQjSGOKgBaTvbxF2MX"," 190","  65"
"4687","kR4OIEJzbgxmUHdK9SoI"," 824"," 202"
"4693","KsRiOPbiKuzJ8K0vz1Ln","  30","  29"
"4696","kSuvr4ylaT9SeZWUtMWZ","1740"," 405"
"4702","KSwX3GFeJvcJcZsTck4g"," 163","  76"
"4705","KuiqIbabYmj7ux7pL6L7","1780"," 419"
"4711","KuYQDjF6jaFGStPkNe2j"," 178","  84"
"4714","KVVNwrW3CQN5n97207AC","1820"," 429"
"4720","Kw9yWTl5sUxwIYys29zd"," 679"," 371"
"4723","KwJpAfi4ldOBKDFM93Fh"," 293","  82"
"4729","KwpSrRxYiLs04VsHNPKe","1153"," 304"
"4735","l0b8K2SvG3R1wIlAVVf4"," 380"," 215"
"4738","l0dXsoUKoWgGwVAGGbIM","2484"," 428"
"4747","l1GQJLyGPTm9GSt9W5S2","1321"," 713"
"4750","l4t9f4JqWfH1xn5QdM9m","1046"," 258"
"4756","L7Bhdaoxiuo6It9jFVI8","1484"," 794"
"4759","l8iu97rpXFIdaaApFwEa"," 501","  90"
"4768","l8JzuKJpT3VhoP9aNJPB"," 942"," 553"
"4771","L8SEDbg1fT6VSmJJ3To6"," 787"," 197"
"4777","L9ZpQRjlmxdpHxbsfB2S"," 649"," 167"
"4783","LASKZ6p5KLSCcqs9LIvR","1482"," 349"
"4789","LbIgEPa4OMVi87OgH49u"," 549"," 305"
"4792","lCFzgEPiQyv2RcY34Y14"," 355"," 204"
"4795","LCKg8zVYGv3N0GgMmofK"," 537"," 344"
"4798","lCOrhgmxEUQrCRrZQVhj"," 260","  54"
"4804","lctRMD1MRLub9N0EwEUR","1065"," 262"
"4810","lCVS6NvU1vgJ7zbC6s7c"," 536"," 101"
"4819","LDFc8swtRUoSFdywFltA"," 329"," 365"
"4822","LDMHBeEcjywJvRD5OWX0","1571"," 873"
"4825","lefhyQiJbgVdkUbw2ru6","1942"," 464"
"4831","lFjj2WGjiJzZuWu2X3oy","1934"," 993"
"4834","LFkwNTSsuAzCgZcBtCQV","1176"," 204"
"4843","lfTrB4LHQPfeYXFqusCN","2041","1035"
"4846","LfVyemmsZz2jegy9ZTkF","1759"," 416"
"4852","lgnACabDxjUot5gc3IOq","2140"," 499"
"4858","LHUl3xsGtsfwU0WvwgyX"," 544"," 146"
"4864","LICpLM1X5IntFxNnKYxY","1836"," 334"
"4873","LiYVLFKVb2sP9BeGo8R7"," 207","  74"
"4879","LIzBsip2TZheQ0vvEIL7"," 133"," 117"
"4882","Lj0u4sstAoSsOZSs8bM1"," 304"," 154"
"4885","LLHyoRNTFOzvA38Hmj9B"," 344"," 191"
"4888","lmWNTST3gbHQW8oHiwUF","2330","1182"
"4891","lNPQgyIsHcBhv31xQS8A"," 343"," 122"
"4897","LntD1A5RWWBVdYLskstZ","1986","1002"
"4900","LOGDfObW9jsunyGw7NAb","1047"," 599"
"4903","Loydwncj9359BEtwi7vq","1189"," 211"
"4912","LOynDhrioKmJWxCyBl2l","1024"," 248"
"4918","lOZ2gnP1mO0RdZARzJ7f"," 357","  56"
"4927","LOzIjT2v3xjq7uj61Wm5","1491"," 262"
"4936","LSeunHvyx9XORx0HLYKa"," 173","  82"
"4939","lSjCQYINDwWE6UCNzWwf"," 917"," 167"
"4948","lspLXjH3k6pW3O5DeM2P","1828"," 947"
"4951","lTH6ro9qidyGuJa4TFZk"," 122","  25"
"4960","LtuN1NHLxHAqPNWCWkOg","1455"," 780"
"4963","LUAssNRCDJxx6Fo0B42X"," 638"," 123"
"4972","luc6ac9OmELgHsDY4TIH"," 364"," 192"
"4975","LUiM0Cf3YC9rSkcBMSs5","2024"," 470"
"4981","lUItBfIn4ZkhXEJVGcJp","2177","1105"
"4984","LVEhsEzJxNWZAp9M8ZIG","1427"," 769"
"4987","LWAotAg5XR2yFQ9DchQc"," 890"," 526"
"4990","lwbIF3ktFpMHwfCs2Unb","1884"," 341"
"4999","Lwfisbq6R9FWmOdGzPpp"," 268","  96"
"5005","lWq1CZl23X0cznmsnELu"," 534"," 332"
"5008","LXu7y4rjDh14QaMXJoRg","2492","1255"
"5011","lxXSIDXCNX8QH53dVsGk"," 535"," 105"
"5020","lzqvGUOyitp3uMzaie3O","2051"," 474"
"5026","LZRJAe9uSyDbBeBtzTCw","2003","1021"
"5029","m0nO3X2uGQT3GtSBGz9X","1231"," 683"
"5032","m3lXLbKny1V4wwvdg6aL"," 830"," 499"
"5035","m4cGBCSmWcUdkkcS0MCy","1032"," 250"
"5041","m4GXlC5WgSBxUTdMn13d"," 810"," 147"
"5050","m5bTm3IszoLWZCVBycvZ"," 538"," 140"
"5056","m6YTmc4IgW3t3gy26j1E"," 115","  38"
"5059","m9epTsZDkZm2mQr1oVt8"," 796"," 144"
"5068","mBtjCQANUkHrE0Z1jraY","1623"," 379"
"5074","MBznVRZygUbsAYy7IM6j","1257"," 703"
"5077","MdmTHIi4QEvaLKh1aa0L","1851"," 437"
"5083","mDuT9sEmkJfCo4cIfqVm"," 175"," 363"
"5086","MGjMrEV8x07pR0ZFiR6j"," 358"," 197"
"5089","mh2AudCOlC0eEinoCOtH"," 396","  88"
"5095","Mh2r9euVT5AshicQlFMe"," 918"," 223"
"5101","MHkKMPYOpMiv6TApxEnU"," 805"," 493"
"5104","mILxsxlnH6DH9xUo5XRS","2181"," 378"
"5113","miUqPZh4qpxTcawNz8OT","2049","1038"
"5116","mJ5x0dD8hQDFo6MgBOrB"," 164","  77"
"5119","mJC9JdU85Lbp5DjmHjUC"," 167","  40"
"5125","mkAUa11ENpM23SJ78dLL","2517"," 587"
"5131","MKZDPLAH0V5L0mcC9EXd","2513","1266"
"5134","ml28pQn0MtjaAzpoFGMe"," 128","  78"
"5137","MlC2SZvpt65OMncPyPrT","2159"," 505"
"5143","mlzCyXxBgDFuYSscVzdv","1186"," 209"
"5152","mN2p1G7xOhq0tjaDSnfo"," 557"," 149"
"5158","MNDsVblOg4q9UJl880ng","2561"," 602"
"5164","mNJ7mBUH7zPb57FWYgd8","2474"," 578"
"5170","MOpVuOh3RXCNpphjraHO"," 846"," 509"
"5173","MoR11NfF5KmS9D0WZzql","1530"," 843"
"5176","mos4Tu0vUugOd8Xt3Ikt","2486","1260"
"5179","Mpoj1Ml5oBToPtxCjhN1"," 618"," 162"
"5185","MQH2JNVmYYu1nfyNuzAR"," 483"," 297"
"5188","MQMnLqfO9r5XH2XkIFuN"," 350","  55"
"5197","MRE6XLhWznttiY3vaKNW","2558","1286"
"5200","mRqkndtBzk4gPbXMlTMd"," 127","  57"
"5203","MSrA36z7iseSK32USgX4"," 330","  72"
"5212","mtUWexe8nlqruQZNZSCa"," 849"," 515"
"5215","Mty7SqSr8Zu1Za3puK7E","1951"," 999"
"5218","Mu20wyC7be96tAlKh4gm","1543"," 832"
"5221","MwdENYCJzDaChK91ITGR","1385"," 240"
"5230","MXH1Zb0Q2wpKo1r0h674","1431"," 252"
"5239","my3nYCQk5dbYqJZu5smH","1733"," 913"
"5242","MycL8DNSyMY2quoRHxUE","1255"," 692"
"5245","MYEBxzSz3B7ds2JlE4jP"," 492"," 103"
"5254","mYiq8tGyQ8zhmkiJop8z","2231","1137"
"5257","mzAH9rXSKiqCug8OcMbl"," 989"," 576"
"5260","MZbSTNhcXMHKedaHvAkB","2102","1068"
"5263","mzH2I5uBRpANnZ01NZBk","1961"," 460"
"5269","MzMV06zpMzqtzUKJlOQH","1822"," 331"
"5278","N0qNXen52aHgYwUUno14","2330"," 541"
"5284","N2omhj72Po4HJTdtnHGh"," 192","  97"
"5287","n2xE0vXa65xPoRnbGKZM"," 594"," 325"
"5290","n3SQuOs8OXPuU2b2oM8n"," 338"," 176"
"5293","n45n1qX5hhbXLSjU89e9"," 206","  39"
"5299","n4EPoD77NZRcFvwn5AR1"," 285","  56"
"5305","N4EXXFnF4Yedwc4IgdBm"," 577"," 324"
"5308","n5eOK2EFW1k35KiJZ0Ul","1096"," 273"
"5314","N77FZpqurZa7Lv8rYLkY","  40","  16"
"5317","N83vmC8pUxQjFt425zdf","1017"," 587"
"5320","n8esL39RcgRLAD4GZmNH"," 733"," 454"
"5323","n8UqYEncrd4A2VfAp3x8"," 503"," 179"
"5329","n9S2bMnY2Ew6ztRJXUST","2521"," 591"
"5335","NA1DPcij57PRX45Brog4","2322","1176"
"5338","NaLaitb0qyNcRKfYNQvk","1552"," 364"
"5344","NALKajN5QnhekoGVIRkV","1212"," 676"
"5347","NaRsDmIO1P5TFzjCNASK","2289","1159"
"5350","Nat94eofflXu6P2WkpN8","2321"," 405"
"5359","nB4pYeqsYKlXMH7HsGzM","2554","1285"
"5365","NBhVXG231o1Ergz3NjBE"," 621","  85"
"5374","nbYXIHu0C4T7eRra0Cxb","1233"," 681"
"5377","NC06fuXUvUPE4l1AVmhs"," 563"," 357"
"5380","nC7wB0gvNYXvJX1lnuVk"," 284","  44"
"5389","NDU1aqHQKfmPGazZ0u8x","  62","  33"
"5392","nEH9uAFh68o1U3jpE1Ok"," 811"," 485"
"5395","nF6Yzy6NYIs4aSoeCQ6b","  31","   1"
"5404","nf7pcu7xiaZVqRegSD1D"," 240","  86"
"5410","NfW9GxZvCdQuvTrY1DCj","1165"," 203"
"5419","NgAU0grYWTevNY6Kg5wQ","1652"," 869"
"5422","ngekeJOq2lV2d5CyyMOT","2153"," 375"
"5431","nhG1D3bDSgMnmusvIcLy"," 637"," 349"
"5434","NI7UWv0RqGd44wfBgCxE"," 318"," 164"
"5437","NIjCwZ3BFZvg10AWpsLB","1300"," 230"
"5446","NItRf5ba86R57mgMxWBv"," 433"," 246"
"5449","nIzy6WrgOzWCsCmwiU3u","2495"," 581"
"5455","NkFCdNv9PETm41UuHkdt"," 640"," 426"
"5458","NlFmxon34hdj1KEez79Z","2587","1299"
"5461","NLVNdUSByvkxSUJ9DXKM"," 668"," 128"
"5470","nmUzf07xOchaRKMezqyQ"," 883"," 527"
"5473","NNbZWPxakUp6GMPNnAsy"," 661"," 365"
"5476","NnJ28S1JQJi94CKnjAkv","2383"," 552"
"5482","nNUIUYYrnpCc1rZUpPBF"," 142","  22"
"5491","NoKxWqSLz2tyjCaWoVIo","1219"," 680"
"5494","NpT9pPFqN2e18jzoWQju","1593"," 388"
"5500","Nr6wvlEigKbhuudAyZSL","2228","1132"
"5503","nsAucxvKTt4BVse9Z9rg"," 105","  35"
"5509","NseSQvtcLI8D2pQkv6ep"," 210"," 325"
"5512","nSl1XdEVzvyHXDykJVSl"," 925"," 225"
"5518","NSmU3UxgO1ZHGV4mF0Kl","2211"," 381"
"5527","nSVfMvGG22qmBNPdHw8G","1130"," 638"
"5530","NTf7b6FcsrepPeeUpCoo","1913"," 448"
"5536","NtVzR95pSWBikBLwImyr"," 341"," 137"
"5542","NUbNT5PK3O68ePiYJXWz"," 642"," 166"
"5548","NuxagW25pD0vRpXDf9Vx"," 315"," 116"
"5554","NVAnoW5w66duNNFvgzjq","  31","  11"
"5560","nVKi3i17tD6qN2Xu1OWy","  28","  10"
"5566","NVubMbcFJddQGwc9RiBL","2510"," 585"
"5572","nvWKy16dmCGHOw7QxL2W"," 495"," 141"
"5578","NW05rkaCF4kOHy0SFtgk"," 319"," 129"
"5584","nW0WC9ZJWxFtV43ygrBR","1874"," 968"
"5587","NWHsTdqVJh6XFu1zn5ZX","2339","1186"
"5590","nwYyDCgv3lUmum4QgrqL"," 215"," 111"
"5593","nXpyQ0Bk60datRWy7f15","2058","1044"
"5596","ny5BStZlephz357isNc2"," 869"," 213"
"5602","NymvZWnP6ZjiDnXIFppv"," 600"," 330"
"5605","nyqduupMt5iryq8jlOYB"," 217","  78"
"5611","nZpfukWyJHldv4kNnQrR","1381"," 744"
"5614","NzU6TrIhn8UdXSvcYgRJ"," 867"," 217"
"5620","o0OEjSeGNH76K92Qci6w","2350","1192"
"5623","o0Sjzx3cYJtyH70pMfoR","1492"," 821"
"5626","O0yB0TJhMtI180brLTaU","1717"," 899"
"5629","o1fdcxL2387UxGEn95pC"," 624","  90"
"5638","o1luRj5zPLo9ftfRFa2C","2295","1160"
"5641","o1oXjE8rAqzt1DShqsKO","2270"," 393"
"5650","o1t38z9YBjrbE6egbrZU","1731"," 402"
"5656","o2FtT9ZKQWxhyzS4OYjn","2341","1185"
"5659","o5phF0no0eG6anKSpZ5G","1182"," 658"
"5662","o6sHi4JOCBbQYxWpY92j","1446"," 777"
"5665","o7sdlqgfdQwKqda39yAR"," 427"," 106"
"5671","O7Sf92HCflJxvHq1ojeW","1224"," 296"
"5677","o8uZ3BjqvDZrWGFaCIYq"," 254"," 141"
"5680","O99M1FFscGWbWj6oka24"," 293"," 160"
"5683","oAFHejgtIn5hFxKoJXdP","1834"," 333"
"5692","obRpYMbtmFpaza0M9e6h"," 701"," 442"
"5695","oecWO7OLSrsj8AGoqDwR","1827"," 950"
"5698","oeGXMJOinixacw1mF7Ae"," 340"," 202"
"5701","Og4SNwdslKFtfd3reLZu"," 906"," 535"
"5704","og9jyaT3GDrKoUf0LIJs","1223"," 220"
"5713","OglGyTTf3fPMqU130M7h"," 778"," 470"
"5716","ohPIWGu4KJafcytDu2hp"," 119","  14"
"5725","OJ7krHaykIQ80XuwYTrR","1434"," 773"
"5728","okh5peRqE165BJGv8LZg","1243"," 687"
"5731","oKwqcg1q7un5nQZsD77u","1302"," 318"
"5737","OM6sqnk85cCeOyWUtp5W","1515"," 842"
"5740","oO280Gk26g8MRxNmZSMt","2373","1202"
"5743","oO5zw0LgmW5My0JlpTu4","1101"," 193"
"5752","oohxR1IYhzNghmtTOLX9"," 657"," 356"
"5755","oOm8Jx68hfNHCSrAENLD"," 418"," 238"
"5758","opG6CaFsuVlNmiO6MidV","1078"," 615"
"5761","OPhVkvw6tM3uxbbqrsEN","2054"," 476"
"5767","opJw87XdUuyBe37aEN5I"," 183","  51"
"5773","OpkQC3Qb1ygRJvUw5r08"," 550"," 298"
"5776","oq6xPqbdgqIBSqNPqhbo"," 355"," 317"
"5779","oQ7mRq8D327nuzkOhgjb"," 449"," 256"
"5782","Oqj6ecwGP9kqKEtMX8GQ","1828"," 949"
"5785","oQPih0xeMRkqiqtp3tC7","1805"," 426"
"5791","OqSqN6ML3INnNbIlsUs8"," 514"," 316"
"5794","oR5qDu0jzjThcHoETxJA"," 290"," 197"
"5797","OrtMVTfDa1c9aqkZlJk5"," 696"," 438"
"5800","OSnnw9KrUnVqkNqBYFoG","2420","1228"
"5803","oSnUEdcBXZ4s1fvAqoep","  52","  13"
"5806","OSRLLEJAcN30Mo991h4P"," 614"," 340"
"5809","OssKAZPOWUyrfe7iTmez","1797"," 938"
"5812","OsZvlZf0fUtwbn0WH2lo","1051"," 188"
"5821","ot7ZFnNxSjJe7akOLUiy"," 510"," 184"
"5827","otVqjDiQpbRwJWORizBv"," 990"," 575"
"5830","oTz0HL0K1JnPw5lMLv1D","1040"," 595"
"5833","ouBtNJSP9idtIvmdeFnB","1978","1003"
"5836","OVTjCRZQem4hhSTCl6It","1969"," 452"
"5842","Ow4c0yIH1HDOp2tumHA4","1274"," 306"
"5848","Ow98GiqDPQNVdMBsiELQ"," 634","  88"
"5857","OWvwEOteJ00fERA3cbSV","  19","   5"
"5860","oxaI0XpQ32ySdrydsOyp"," 666"," 421"
"5863","oxikIfQB44hmriqCY1UX","1020"," 589"
"5866","oZ5OsFkiZT1JbCfB7apY","1483"," 265"
"5875","OZwbNSCpdbsEvegStSaK"," 370"," 200"
"5878","P0SXIhWbaHkFWmmmZWJI"," 425"," 284"
"5881","p1ZyAnODJ7si5dfxF4cH"," 238"," 131"
"5884","P2O0dTuZ59lypJvFUpyp","1450"," 343"
"5890","P3ePItz2crAiMcfa0vHH"," 448"," 253"
"5893","p3Uz4U9yMAZ6sT3suEq4"," 278"," 271"
"5896","p6FlPFIdhGIepWEHJ73n","1452"," 783"
"5899","P6xJmkHAldXPkfQYLFQU"," 410"," 237"
"5902","P96frSdJalEiDu6rEY4E","1112"," 634"
"5905","p9sskxySgwL5FUGj7A1V","1716"," 894"
"5908","P9U8mixHFFdo4v4NzPw2"," 893"," 214"
"5914","pB1fZnYELIQWV96ueJh1"," 382"," 213"
"5917","PbjcvaTIQnHsvc6VxUBt","1145"," 207"
"5926","pbmwhRtugHq1akBjQAQ7","1217"," 677"
"5929","Pc74vFHzTNPl7y6YQWyo","1315"," 232"
"5938","pCdC2agmBcIZiBwYcnII"," 276"," 110"
"5944","PCwWDCNMqbnFC2H9lJ7V","2454","1245"
"5950","pdNnMgCy5pJbiZ9wCbMf","1125"," 197"
"5959","pDVc0ecbGdqtUu43fADT"," 110","  42"
"5962","pdWRwuxhbPQPjBVLO7Rl","1619"," 941"
"5965","pDzxRHevFyAJ7OpTuPMP","2259"," 527"
"5971","PejJAvTMMOclgYY2UVWP","2043"," 475"
"5977","PFGCweKeT3LPjXOdH9bY","1607"," 373"
"5983","PfywAEjG3Tk6Ae9IQ4WB","2551","1281"
"5986","pgkXuZXT0SWkCv9LYH2C"," 174","  29"
"5992","pHEMhoFT6PTd6Au7p9Vw"," 976"," 570"
"5995","pIzqeKNiA3uXy2gf5qyr","1064"," 260"
"6001","pJNfKpfw0gObYn1dQAQ4","1144"," 201"
"6010","PKlpAXevJhalZMDzp97V"," 199","  78"
"6013","pkuctacV5ksBNxXBlGbc"," 510"," 145"
"6019","Pm2q6Utq6YfeJR02BsaK"," 598"," 155"
"6025","PmACQU9bCn9qUhnlyvTZ"," 283"," 146"
"6028","pMaKJpRJyhIA9A4OftDw"," 113","  25"
"6034","pme6naeUoU4thBv1WbOC","1015"," 586"
"6037","pmSuM7qqbG3laor8Aizo"," 212","  77"
"6043","PozBqtUkMtUyTvEDD1Ud"," 305"," 156"
"6046","pq33NNKconQ19ogkhPwV","  43","  14"
"6049","pqr5mrnahg9YifxmUipS","1750"," 919"
"6052","PqTEs8DAHosnzdkVPwCj","2219"," 382"
"6061","PrhwPcDpXDnuql5OipU5","1166"," 666"
"6064","PRjOXbNnIMjc2bP6s7tu"," 172","  48"
"6070","PrMKZ9wX12FUkjfS5oZE","2239"," 387"
"6079","PscA9zvAYnJDf1134lLO","  10","   9"
"6085","Pt8H8CYimtRD7vIawBlN"," 572"," 203"
"6091","ptloepK8aliugeEhZ3Cw","2209","1119"
"6094","pTTqsaz02xbJHIKmOJxI"," 159","  38"
"6100","pTVdOkb69mYcXg74FgrZ"," 321","  67"
"6106","puILxkjIY2IY91jNIrrq"," 316"," 143"
"6109","pVMc6WV89417huIEn8qW","1965"," 451"
"6115","pVxmtmGEIWuJ4l2ZGd7x","  91","  44"
"6118","pWa4BmvINCSaSRsZZs68"," 720"," 178"
"6124","PwF82PL9aZASZXaVgjVL","2190"," 517"
"6130","PwGWtJkBjo9VSgZ4ex4b"," 133","  31"
"6136","pxio6GVUNe4WacB1L5Bd","1755"," 922"
"6139","PxXfDdRSnOrxWzNrKbpf","2100","1067"
"6142","pY4jxCw1zHccJF8o1p9B"," 593"," 110"
"6151","PYGXNHBeUZihL8AWsrR6"," 419"," 281"
"6154","pZN4J1focQT0ajPjFiT8","1071"," 612"
"6157","Q0wHzKcJJAFcHs4Lm5TF","2354","1194"
"6160","Q3UVbdr471DE25JuJCIY"," 264"," 103"
"6169","q838NECkmBdcpLPFuP8a"," 331"," 119"
"6175","q8P0uImanb6FjrOGEVCw"," 459"," 262"
"6178","qbauyMKTjFplM0yM85hV","1476"," 267"
"6187","QbYiCGkPoIagIDADiDmD","1424"," 249"
"6196","qDdm3HxmqC8CEQubHCaa"," 213"," 109"
"6199","qDeRTrD5miEeX38qfZbE","2119","1080"
"6202","QdGu00K7YEZEsYkhRZ2v"," 943"," 227"
"6208","qdIH18gAjpxw9qUbBJ9S","2188"," 513"
"6214","qdIxSCLg2u836haucEvF"," 243","  52"
"6220","qE2ryQ5Yvj641hftIg4k"," 897"," 165"
"6229","qExIBLkw6bqMn13sMnmV","1052"," 259"
"6235","qfFUTTN9MSxCIogmSUwf"," 957"," 564"
"6238","QG0Lk1dI6a5LVtqa5sP3","1134"," 200"
"6247","qGDK312IMzR5onitDaWK","1937"," 985"
"6250","QISm8mo1o6TTVkOf99dY","  69","  26"
"6253","QjLtnupSNigz7W15fXED","1798"," 324"
"6262","qK1zH1dmZ5Oe89ENXntB"," 138","  24"
"6271","QK6L1iMMtKtS864kAFRL","1292"," 316"
"6277","qlDtvpvDIpPohzo54lz6","2393"," 558"
"6283","qlIm22Ud3Dcx1mw5vBHd"," 988"," 238"
"6289","qLy8W7PAkZnVhvzv0aix","1651"," 383"
"6295","qMbAMkk43RQVa68QJLfZ"," 117","  34"
"6298","qqlBOyXzjMFMNCOhbrjO","1514"," 841"
"6301","Qr2RpUhK32oKbCaKoDiJ","2588","1301"
"6304","qrBRZufIrJ9YvuDBZc0M","2131","1085"
"6307","QRtozun3e9okuzfQngs6","1537"," 822"
"6310","QS1Z9V2HBV6bykosgcV8"," 249","  90"
"6313","qs65qsxgdXFJaRV1s64w","  39","   8"
"6319","QsaNXdp908d3WLmaMztE","1814"," 327"
"6328","qT8LwTceGDdA1ydNt3DI","2481","1251"
"6331","QTAXlzuL45r0Nwlur8qi","2431"," 567"
"6337","qtIQaIGcnHbE2wxtLnly"," 372"," 188"
"6340","qtOG5WGaDQvVPRd44oph","1967","1023"
"6343","qTPjo3ssHw7nu16J6jM0"," 887"," 547"
"6346","QuB2Gnw5e2qvsGFKFJeK"," 186","  92"
"6349","QUquQzyhNDEQAYPaw8d2","1879"," 969"
"6352","QVkIYeArgoeWbnHSWq9c","1984"," 457"
"6358","qvrKOC58uXHPBaZicx3Y","1509"," 350"
"6364","QW2OCPauM5vpiFW1Ppgu"," 161"," 331"
"6367","QYI7wdpAkkSPYg8ncFvE"," 757"," 148"
"6376","qzL7YLBJETrRLJ3PV6X4","2418"," 560"
"6382","qzv1Ep7bUFzWED0e327r"," 435"," 116"
"6388","R14Tsvyt4khseqnZg6Dn","1676"," 306"
"6397","R1tdFpIlB6fRCorRXbSL"," 183","  49"
"6406","R2RIosmcJGS84erXSx9t"," 317"," 163"
"6409","r4PBBDSHrwhdAjtwcltP","1063"," 606"
"6412","r4uEJgR8KCga2O8CQcSm","2493","1257"
"6415","r5J9rsbcf0M3WnzXjqjW","1972","1009"
"6418","r66m9LOa0EAAF9ZA3uZO","2139"," 501"
"6427","r89cgThzANIYmfwd7KoR","1322"," 321"
"6433","R8GxRW02l9Won4BAYnVY"," 445"," 117"
"6439","R8NYrcE06utLa6rFIJWr","1873"," 441"
"6445","R9jc6GLqAEVchxlrGN10","1230"," 298"
"6451","RarGdmsP3Q0qvsqRx6WI","2011","1075"
"6454","rCt7uRCcBB4Zm6amWLPy"," 631"," 346"
"6457","rDBDbbLkQgwjRtXhk3jb","2355"," 547"
"6463","RdiU6REBnWX2f31I67vi","  66","  28"
"6466","rDPEzD06CzLsEOePrUmC"," 357"," 193"
"6469","RdZ0iwcXqQBBFW7uRx3D","1626"," 847"
"6472","RdZ2iKuVD1HMCWmlyhid"," 741"," 187"
"6478","rdzZTipNw0dNttHzx06F"," 485"," 287"
"6481","rgbZSRT7JepMsmOymApq","2082"," 484"
"6487","RHMfcJTnqN4NZWcSP8S8"," 486"," 289"
"6490","RiIO0JHwzgqRP7BiasHA","  94","  17"
"6496","Ris1vC6gYYVdG0sUg66k","2519","1269"
"6499","riV3SfZk98LJu4mCxRXH","1039"," 255"
"6505","rkHGYwQSKmwQMd0pPkVt"," 235","  79"
"6511","rkj3uDMcfFAxVz9d8zgR"," 839"," 504"
"6514","rL0pUxCLUlbo3mNbXfJ9","1858"," 338"
"6523","RLbm5qhbkvGgcTo6hpHC","2133","1082"
"6526","rLMUXKXBZ8FCABPJBcU7","2007","1030"
"6529","rNEuxZfO36dwcvkIOyBY"," 476"," 282"
"6532","RnwspdfNtYKCTb1ezNkh"," 161","  95"
"6535","RocGViVKD9XHu0cz1Hu1","1059"," 604"
"6538","rpMfnhYp0hDAwnURPg2M"," 433"," 126"
"6544","RQaYhxBuoX42ih9mLuiB"," 346"," 184"
"6547","RQDmAPDnvVMbE1DeBJIU"," 412"," 263"
"6550","rqhCfeIkzd5d639iOCMo","1756"," 316"
"6559","rqjKOzcK5oxOaxgbTqUS"," 618"," 345"
"6562","RQoTa6X4EqDO7VmQRhtZ","2329"," 409"
"6571","RQvdZFdOdzsPJV5BM0py","1268"," 700"
"6574","Rr8B7vVDoVIo1bVfeGFv"," 737"," 184"
"6580","rRjGbMghwvOrMMP7E2M3"," 468"," 120"
"6586","RrWl1Ie6zTZNIgPdGUjE"," 184"," 290"
"6589","Rs48vPatVybv4sf1ZsEq"," 185","  62"
"6595","rs5GINo07gFkRsm6DRv5","1588"," 280"
"6604","RsAZGpGWBWald0d9QPYD","2012","1026"
"6607","RSVdP6PAyXv6ofK03SMg","1346"," 326"
"6613","rUcbu7B8H06v2BuEbMns"," 862"," 508"
"6616","ruLnVkFygvaZfyHInleY","  33","  20"
"6625","rVBzYJjMlp5sldZfuGAD","1927"," 994"
"6628","RVyxQABmQUQIkLi7M3BG"," 319"," 173"
"6631","RWS31H9cAab02zAO188E","  29","  49"
"6634","RXs6De0Etlfr8xoR4M4k","1617"," 866"
"6637","rXzCR0KsJKTdii4XLiFo"," 332"," 130"
"6643","rY0q2ZwD2Ek74fHuvvzC","  97","  45"
"6646","rybHkLUrrbY0WNKQY0K0","1431"," 772"
"6649","RYCqFg3aEMv1pL8H4FNx"," 851"," 153"
"6658","ryGbptx4HW96dZT9lOPN"," 617"," 341"
"6661","rZ15n9p3u4OE6jVFJvVU","2478","1247"
"6664","RZjGZjzKL7vb4EtLkJtf","2179"," 511"
"6670","rzrcPerlrcKNIAnetUF2","1332"," 322"
"6676","S07cKfEIDBMNwCoQSeNa","1444"," 775"
"6679","S0MQBqnzzZA3IZkpsRGD","2402","1214"
"6682","S10d3e0di4P68H1UQmQ4"," 186","  57"
"6685","s15PU3DOR5lWwtuCXpvO"," 184"," 133"
"6691","S1cNdtCuUYvpGB0S2Bgk","1923"," 997"
"6694","S2vHmBmZ28CPGAnZt3WG","1556"," 360"
"6700","s3PZMhSevxhoZxkZQcPc"," 296","  70"
"6706","S5DMCtpOR6wvYWTXWekZ","  67","  14"
"6712","S5tMzP0kKrAx70LQ3ifL"," 713"," 177"
"6718","s6Zs3wrCpnDXF63UL0VX","1190"," 657"
"6721","s765imFofysaQLi9tyKE","2207","1115"
"6724","S8D7t0lyWYMTTAPTu3nk","1312"," 231"
"6733","S8fBWpcw4yN7p9pKyunM"," 974"," 174"
"6742","s8FzjNhFsRareelEBJxV"," 545"," 304"
"6745","S93iA1XcNQV5kc9BMrlg"," 519"," 190"
"6751","SA9FsLLsIblWD2uJ1ceg"," 143","  98"
"6754","sAgApSwHs3OevJOWqdiY"," 181","  29"
"6763","SAnhSYQ16d0Fs5HBV9db","1792"," 937"
"6766","SArXnwOPOBu32b37FiOO","2148"," 373"
"6775","sAWOOGZwwLQHb5Wvj0aD"," 333"," 164"
"6778","sBmVC6ICk0NxQNUY12yk"," 367","  94"
"6784","SBxalikMhWT5lLPCQ8SB"," 129","  18"
"6793","SC1tK3AzdQAdzC9rXi9e","1844"," 433"
"6799","SCpnWAheXkRjDYbcKUgM","1178"," 287"
"6805","Sd0XY5gJlh2rVWtYFx65","1310"," 319"
"6811","sDNgejJwRCPAMwA175XV"," 450"," 257"
"6814","seI61JwSgObMq7J4p00P"," 735"," 455"
"6817","SFEvIYHTYyMTOfxLeDZP","1574"," 369"
"6823","SFJ7qMN36aG0XcWjzUf6"," 819"," 487"
"6826","sfPTeEmdydZt2451diTO"," 252"," 124"
"6829","sFuyPvg67dbhUrY1WGuK"," 670"," 370"
"6832","sFyQBEAZJrVoGgvyDNp9","1494"," 808"
"6835","sgCCmGDSe7juDszhPE5m","1170"," 648"
"6838","sH5aTP7ETBupjYn8IA5e"," 305","  48"
"6847","ShDWoUYEj36oAB3GO6Nw","2157"," 502"
"6853","sHnGpeJtppEfz6r6za2z","1945","1011"
"6856","SHYCfWaLjSgWlpixKTen"," 171","  23"
"6862","SJEt1DSQSb38EYjqD7Ki","  64","  38"
"6865","sJhfLOgHLiFQpVk86S2u"," 177"," 130"
"6868","SjSRBdF48hih8C9MzjR0"," 497"," 313"
"6871","SKiTDo7OEXOurIF6r6JP"," 815"," 486"
"6874","sLkz8ropGlxcgz6ihPCn"," 205","  53"
"6883","SmrqlEVcMSymXkeyr3dc"," 492","  68"
"6892","sO4cAkiM0UCVXwkyNZ43"," 723"," 450"
"6895","SP1aQ2zDhLj7zn0VJsCi","2446"," 566"
"6901","SPDl1b165XVzx513GdOh","1128"," 639"
"6904","SPjm860o3l1aaviZxpgA"," 731"," 136"
"6913","sQ4dJOTBXQTZtwOtbkTb","1110"," 195"
"6922","sQzGTeHSPUHzjsCkmVDW"," 166","  22"
"6928","STpchLK1D0UnZxGeBqKy","2293"," 399"
"6937","SuQSNCfLa6DUBAOe02Dw","   5"," 241"
"6940","SvA9fcr3GRRCYLijqtFF","2040"," 359"
"6949","sVDdZ2t8EGeAwCOwFW8y","1990"," 351"
"6958","svdNRSV1RRUZlNJOFFqe"," 855"," 154"
"6967","sviwdP3IbLlJwTxL79yT","  67","   3"
"6976","SVlZLhMSCIDI35irdcrO"," 575"," 371"
"6979","sVqF34EzUelagnwHTe9V"," 763"," 140"
"6988","SXsfQkRKbCuOD6NVPYXO"," 950"," 229"
"6994","sYsxmLppoMyEH5X5hO0e"," 403"," 161"
"7000","SznFVwKtOEyHaNK8xhqw"," 326"," 174"
"7003","T020cvPUL06UdhmNQ6Ec"," 208"," 103"
"7006","t1pBVRJ03jJbOnm7d1pU"," 279","  53"
"7012","t2KRTBE1zFgQftjJ2bt9","1000"," 582"
"7015","t2sflfmKTEQmy4KETxi2"," 728"," 451"
"7018","T3Q0gT201bY6vaoQjI8I","  89","   6"
"7027","t5Z3unRThr5OFasCvgRP","1902"," 446"
"7033","Tad61BNWGtBmhRUUvEvo","1421"," 765"
"7036","tAdv2Mpg7PI9HxGAVUNY","1704"," 302"
"7045","TainqdUtjrvMA2uHilvL"," 343"," 255"
"7048","tc2HbKyMHGl6zsbsq4y8","1943","1018"
"7051","td523DS15q3zSbDorUsS","1271"," 701"
"7054","Tdg0oFVqRNX605hWM4hB","2233"," 524"
"7060","tDiIQZ0EilKuVfAHQTEZ","2527"," 593"
"7066","texxdKMkjVLW4hpNoZXn"," 155","  67"
"7072","Tgm2vfCxYcTLrzyLmklb"," 182","  89"
"7075","tGWrlq79ZkYLHa2eZgKW","1577"," 881"
"7078","tHB8ScMJjVMj2FHtmQOR"," 427"," 244"
"7081","tIlEeN24Yxfvzpx1Cm3u","1316"," 233"
"7090","TIzvsUa0aXzhFUBGKhTN","1893"," 973"
"7093","TJbloeTbdEx23rsdIUPv"," 183"," 137"
"7096","Tjp8Ojo57K2P8WWNhDq3"," 963"," 565"
"7099","TK1k7DIL1nXyos9bJchQ"," 174","  29"
"7108","TKFoJwLYM9Av01xfrThD"," 813"," 501"
"7111","TKhK4rnsDDaKAeUlzdex","1141"," 642"
"7114","tkuyvjFagCcsvNbhzJPB","1169"," 651"
"7117","tnro2Lw7CJccVbkBJWtf"," 326"," 201"
"7120","tOcqsaNtYZ65SOTmBgpG"," 718"," 448"
"7123","ToexUVJl0X3pslZBE9Aa"," 378"," 210"
"7126","tPrYos667Sszq2lzjl46","1547"," 368"
"7132","tQNEuHhhrXa8bPL4pMNr","2381"," 551"
"7138","TR5WK3fSATv6RrEiIGBJ","1369"," 738"
"7141","TRH01v4v5FSczi6EVO1X","1436"," 342"
"7147","TrxeWUJ550WZpjN9Ee4q"," 347"," 173"
"7150","TS3w8rXHTqR89uBUyqzR"," 229","  81"
"7156","TS5XvfyqMhQ2xq5RhNVx","  85","  59"
"7159","TsPrI8bKjavyY8Jhv2v9"," 518"," 293"
"7162","tt9ZSSddXjrZ1nmeEd4d","1719"," 897"
"7165","tTgCwYLz2kYZiJaDZiIO"," 984"," 177"
"7174","TTYw5qzSSEGyuPDrnCZk","2035","1053"
"7177","tucV1lwNi8BKvW9qFQF9","1387"," 337"
"7183","tvaiviPE4CZLPDztwtVC","2431","1235"
"7186","tVASCVRDQtahD6QrWHZg"," 975"," 569"
"7189","TVkdDYZZovs0v1gfC1XL","  77","  19"
"7195","twDRBkrpQcnpcW8UigU0"," 760"," 189"
"7201","TWVdgc2KmlIRDlOwMo8R","1656"," 297"
"7210","twVekeHS0k8zEkQqHdH5"," 806"," 482"
"7213","TWx7bROWjGOi6wc3NgVP","1625"," 880"
"7216","TWXLacneeUzZf3jXUhtm"," 340","  54"
"7225","txPNmsYodzQCNRJReGxv","2034","1028"
"7228","ty0toHCbmrfEFYRw0Rkn","1506"," 272"
"7237","tYFZo2acfEeq1CsjZMYw"," 277","  95"
"7243","TZIrcd8RNFNpA5NsPsI5","  72","  45"
"7246","u27ZdNAU5Z9DcpaHuIw7"," 828"," 149"
"7255","u3PEOSrWMrlPicWtqhZh"," 630"," 403"
"7261","U5dcZEIskrxSLsXAAaoL","  92","  29"
"7264","U6ElVCgKjc2gDCzUYTdT","2340","1187"
"7267","U6TOy1eMkMK5lbE0bJ9D","2337"," 411"
"7276","u76TOml2ArNekX6VtTQa"," 274","  36"
"7285","U8AtRQesgzTMb4je5kWq","1028"," 590"
"7288","U9EWMt9jO9CnYACqhL5j","2254","1143"
"7291","uBRzcTOse5qi1V77yY7k","1348"," 726"
"7294","uCTD35YVpkxpHlVIhvLo"," 424"," 109"
"7300","uCW5UglAn1eww2F9dy25"," 454"," 259"
"7303","UEBSXEv2vxKL26ncoGHs"," 263","  91"
"7309","uEovsjJi8W7YZoAAdaXm"," 875"," 160"
"7318","uEzpgfspgrNTJuaHluMZ","  70","  24"
"7324","ufmy0yrbwelH9PEJbCGN","2184"," 512"
"7330","UG81oLFh8CCrC4D3iqBw","2199"," 379"
"7339","UgO8jZpuqNTI4ZNDXh85"," 951"," 558"
"7342","UIELBheJFudubGfyMolx"," 691"," 131"
"7351","uIpIMx94igxpJAnrN1JU","1852"," 438"
"7357","uIXkVlkCHd0qwhPz3lug","2470"," 577"
"7363","uj1qmxNyp974EcLMVp9c","1527"," 270"
"7372","UK4t6IJmqu880h2g8eal","1001"," 246"
"7378","UKB0TvQMVGaO71nLCll4"," 652"," 214"
"7384","UktcH4oe70bIgAj8XAUi"," 493","  65"
"7393","umtNDToMWQAfzLKeqKHW","1490"," 795"
"7396","uN9kR0KDWbqj3k2wcEah"," 368"," 203"
"7399","uP8voqqRCtPywcm7O49F","1931"," 454"
"7405","upfIvDraM2SQTja7WJPV","2437"," 565"
"7411","upUFVD8gx0cHBy47baVD"," 629"," 121"
"7420","UqY9Kk6nCH3DNCVAyDb1","2015"," 354"
"7429","urDNDDnqbRVmiYZe0Rxn"," 227"," 120"
"7432","urL9X8BbNLLJPW5T6did"," 622","  87"
"7441","urzhv0eRqOxyKz21jITi"," 309","  81"
"7447","USGiwUJoFofXtOKJ4k7e","1366"," 333"
"7453","uSY9ACQMdodgNdG7KtrW","2028"," 361"
"7462","Ut516HPG9bQLe1U3BzNj","1201"," 293"
"7468","Utg5YrIzcbmOon9GHVRq","2332"," 410"
"7477","utoC2SMTPK0kNI0JqO0R","2163","1101"
"7480","UTPFyFO4lWdQFwOUQ6YD","2397","1215"
"7483","Uu2gaIQzMT4pgpPa1Qwx","2559"," 601"
"7489","Uu37T8F1LWFMyj4H06Pi"," 938"," 226"
"7495","Uu7d5bafU9gLR31oNVpv","2016","1029"
"7498","Uuphl2EwW87uTt9MFEeV","2543"," 596"
"7504","UvFvmbG8qOCUxXSjyNjU"," 189","  46"
"7513","UVuwtUU78hjjVC06zCU5","2573","1291"
"7516","uwb8E96dF3T3zM2Yk0Ci","1432"," 250"
"7525","UWK2d4ZNUQyxjHmGzFGs"," 966"," 561"
"7528","UWPHtPwbLClw9nrLiJxp","1808"," 425"
"7534","uXCqKNHDq6n8npKMXzee","1293"," 317"
"7540","UXocMb0Kdh5HZBFOU8Si"," 970"," 235"
"7546","uxqKQBFobA8LcI6kdGWa"," 353"," 190"
"7549","uy3lWGEUTCmZqzFqaUi3"," 463"," 266"
"7552","uZhrAS1TxHl9R8Z1N8cg","2411","1229"
"7555","uzjMDuOr1Ldrom7VbMHK","1971"," 357"
"7564","uztHgWBqLCUhkp0QYE8M"," 474"," 173"
"7570","v1WCf7SA7NaCWK9zZynQ"," 203"," 104"
"7573","v1WHFjtmmTok484lXl1x"," 740"," 186"
"7579","v3kVgdJD8Pqa5k66BoZ6","2479","1252"
"7582","v5c2vnu5oT8ngSI1izpi","1467"," 789"
"7585","V75MtpHEPW4mJ6v0AeeP"," 166","  28"
"7594","V7RtfWNm2iT50zKpwP6H"," 927"," 541"
"7597","Vaep9QsOSFie1dYkPxG5"," 287","  44"
"7606","ValBSrWgJLZInrzCx9qL"," 187","  64"
"7612","VBwXdyp2ksfc2KeJoZnu","2574"," 606"
"7618","Vc55zmDHPCWiru01v7RJ"," 978"," 572"
"7621","vCE7QBcKzRvxh7aJTCVz","1911"," 979"
"7624","VEAvRW7gRfbnaFzegfXi"," 217","  33"
"7630","vEI7bz5a6XN2ZiYVz3qO"," 661"," 126"
"7639","VeQyNCUI85E3egxaQbIO"," 880"," 530"
"7642","vFzYaL5QndZ8lX5ORoel","1386"," 335"
"7648","VHetGBbppzHkTJ2dyKsn","1786"," 322"
"7657","vi1TGiCGF0BGnQpQw9Tb"," 214"," 110"
"7660","VI2JrDtIScvHqNI9gnnk","  29","  12"
"7663","vipQz7u9fsMdweDewJoZ","2598"," 612"
"7669","VJWYvAuLM4d8ZZGWMRDJ"," 129","  85"
"7675","vk6YEDTg00FKtPQ0VjM2","2391"," 417"
"7684","VlK4Podnaw88d0hIDeAJ","1253"," 302"
"7690","vmEAwnjFy9zO7VAzeUMe","2528","1272"
"7693","vMnKiS4Cf1Bm2HOd11sW"," 611"," 158"
"7699","VNh1D4Ygv7PHb5FAgBld","2071","1051"
"7702","Vog9vqMZaNv8YvbSI0Jw"," 159","  33"
"7711","VOK3E1FmbVwVNas9fn05"," 471"," 172"
"7717","vOOwu8X0Y8BBab06mYZ4"," 366"," 298"
"7720","VpC8GeY28bilT2EqW8nX"," 766"," 191"
"7726","VPmkIFKiDCAqaPK9ykns","1973","1034"
"7729","Vto7cR4bzXLK2F4BR97i"," 387"," 185"
"7732","vu6CqJQWRivewHmWu8y9","2349","1190"
"7735","VVH1ZmjyL8CaiYp4cpJJ","  73","  23"
"7738","vwcaO5jIBngDVFcsp2PH","2351"," 414"
"7747","vWIzHpX5WRywYoQ9uCJ5","1632"," 392"
"7753","vwXbYGjTCuWiG6SsKcqM"," 686"," 373"
"7756","vwzJ7KoDzutThY6YIpLD"," 290"," 155"
"7759","VxBzwAeLL40ECMZuEw94"," 676"," 427"
"7762","VxGhBHfaWM659fVvpSiY"," 681"," 372"
"7765","VygVOKiawTb1OX3nlRtR"," 124","  17"
"7774","vYhKT1iS7APSlgI99MJP","2031"," 466"
"7780","w0rFMtnKqK5ISsnRhkmq"," 889"," 163"
"7789","w0SorhvxrvbvBELYOkAI"," 143","  25"
"7801","W1c91DrjOqMJDizlycyH","1586"," 279"
"7810","w1jPaIv7JpaFu2sWQ4EW","2281"," 534"
"7816","W475JqewOD8eotIY3Yxi"," 700"," 441"
"7819","w4pkX2oGzrJbU2nGEX4G"," 530","  97"
"7828","W4UDMmS4oAGgtDrW7Sm9","1591"," 848"
"7831","w51mkMvMcMmp2lMIEn2P"," 968"," 560"
"7834","W5jj0kSNiaqHkSnZXW6R","1050"," 598"
"7837","W5wJgooRzv2s6NrSwHnx","1573"," 362"
"7843","Wa237GikUCJTgr7lmV4J","1139"," 661"
"7846","WAfnGLl0dthusHaBW2WD"," 172","  57"
"7852","WbF9rTvZHOAXt0lEwKZZ"," 680","  96"
"7861","WCCRO6g7sZISUvXJDob9","1803"," 325"
"7870","wdDA86Q5iR8n9jjBMRzU","1334"," 324"
"7876","wdiHumeuTwVLYqI7L0qy","1222"," 219"
"7885","WekdrkZmNhc7rlBob1tj"," 560"," 349"
"7888","wEkoYZzaESlstq0f2rbC"," 662"," 420"
"7891","wFcwiO8UCg8qOq0M1Gto"," 693"," 439"
"7894","wFpWSyvsuWH0DU8KHZcN","1430"," 251"
"7903","wGDyiQ6feVhe8l2oHB5u","1928"," 982"
"7906","WgFZ8USjoXQveY45M5Ia","1320"," 714"
"7909","wh7XnK5OO3F1wx0pzjAu"," 150","  73"
"7912","whfXYNelza7mepHf2RSk"," 933"," 169"
"7921","WHusKK41pQz4UeOFIo43","  77","  16"
"7927","wjzs8EDISdwYElF3eUsr"," 109","  27"
"7933","wLB1QPuGc3P4Nu3Vszql"," 231"," 102"
"7936","Wmjrw5vPkmCHawSUHyVm"," 193"," 212"
"7939","WmnGMmhz1Os4PyJiC6ZC","1563"," 366"
"7945","wMuXMJFk3wykRboXJmwh","2497"," 582"
"7951","WOoLkANakEBomR5TGnA2"," 677"," 219"
"7957","WP28Rz01ZR6vEGY7NCMQ","2334","1184"
"7960","wP6sdL7sPdfrZXo9FhBt","1940"," 989"
"7963","WPDlLBsn2RPhQ0h2oaYI"," 643","  91"
"7972","wpGVGgboLsfia0IukYFO"," 336","  68"
"7981","Wq4FeAj2MpxJGmmqsLpX"," 337"," 180"
"7984","wQEWvXMSDtM2ODqICa6U"," 524"," 335"
"7987","WQZNCnTlceJgD5Maij2P"," 568"," 147"
"7993","wRX3SG1wuzd0B1LSpy1s"," 704"," 443"
"7996","WsAAprSzWqek5p8hRbbx","2487","1250"
"7999","wsOHAA6VM0XP9bMJt21y","1579"," 387"
"8005","wsvUGaQKNO1NlKzXJsFF"," 959"," 233"
"8011","Wta00qGsoMC8YzCdQSwr","2065"," 477"
"8017","wu2JwVlZpo7mVzLTwAOH"," 773"," 474"
"8020","wuDHQvgk2mR3iSj5eof8"," 468"," 176"
"8026","WUzJjrD9OQfAHkZvipVp"," 454"," 259"
"8029","WWCapLpJuK1o76k40bSc"," 687"," 434"
"8032","WWITOH47KZ9mbvD3kJcD"," 152","  26"
"8044","WXhzcJLB5jXG0YOwE3ii"," 567"," 362"
"8047","Wxpsy6ZFhDkz4vzk2yBc"," 378"," 305"
"8050","WYAz1xXHJA2opvQJ7nRn","1384"," 745"
"8053","wYMr5nBf6WlGGck21JYT"," 279"," 147"
"8056","wzGkPHBUmCu4AzYL1FaP","2124","1079"
"8059","X0JiBDJNSgrainAONyfA","  22","  14"
"8062","X234SJYUFmJmF8GPr1IX","1954","1000"
"8065","X3GMGuJtpGQZ8BQaie2N"," 891"," 531"
"8068","x3kJJ4JeyCWmJlQlyYFv","1581"," 870"
"8071","X4ew9NfCaLtQqCCaHXEe","2314"," 404"
"8080","X54ecB1vwzC0VlBIaY4I","1495"," 264"
"8089","X8K0LFdoNuwwC54tyqwT"," 556"," 353"
"8092","X9GtQBPTYFUEtcCQXR1W"," 354"," 181"
"8095","xafvV4mBrcuXbOEDSxrf"," 232"," 125"
"8098","XAqokjRemMSBn4GHlRgO"," 936"," 224"
"8104","XbOEcbjhDm6wVabxqKlT"," 660"," 422"
"8107","xD9c4KTikPeC30kwyfnZ"," 995"," 241"
"8113","xd9Q5IhCPijI0Lw6E4TI","2590"," 608"
"8119","XeD58jJM6gXY93MLTZbD"," 877"," 543"
"8122","xeTGdJz5NMczhrLvY0lA","1849"," 436"
"8128","xets268cIFgtdFa6hAmg"," 584"," 319"
"8131","xgaWEAAJqY9EJFFq09xR","2311","1172"
"8134","XgET0Q7IGXPC6VklKis3"," 511"," 320"
"8137","XgG4PWX0ud28P2Ya2Gum","  76","  15"
"8140","XGJBuzHYXj5iDeF8mzSS"," 356"," 188"
"8143","xhLyFfb6aOGvgMmKEptZ"," 921"," 554"
"8146","xhsAiK7PtHzrGuA7D4fF","1863"," 961"
"8149","XhsIrFOpkLUPXzSeq7xH"," 253","  37"
"8158","xhv2gm41wolXIjhKQH0j"," 381"," 225"
"8161","xHWRPrgHuxLcSs96HbyP","  11","   4"
"8164","XIlFOralfVS5nMQZo1ue"," 748"," 460"
"8167","xJgUwKa8r3BwzJeaQyk1","  41","  11"
"8170","xjnUDz8gzaIl6nC6HQ6g"," 218"," 118"
"8173","xkHlIyXxVEvQ11REHiCf","  62","  25"
"8176","xkofV8SqCk8wM3u4SS0V","1897"," 444"
"8182","xL53YQohEk8J9DckxyPj","1838"," 335"
"8191","XMbAsYftPH3RiPVG58dj","1262"," 693"
"8194","XmtXRWpMnFX2j83iRLZy"," 494"," 186"
"8200","xN2fYbkjv9HstanSeLxm","   3","   4"
"8209","xNjmlZYeJTpRWMvRBemn","1113"," 635"
"8212","xnmIHDpcua6ri8YrVpim","  19","   4"
"8218","XO8ydCRXH9UJGjFlA8C5"," 188"," 157"
"8221","xoc4YqXB1EyOMQJMeLWJ","1732"," 313"
"8230","XOUAT0B7P2e7zHghCtwG","2285","1156"
"8233","xP9yE0XMLydxZZwF4Qir","  10","   5"
"8236","xPgxwFEgRBhSMdTdTkTF"," 872"," 211"
"8242","xpLqdI3TYvSrOlZ6iMCe","1817"," 430"
"8248","xPSiZiuzWKUTv05B6GZQ"," 775"," 190"
"8254","XQLlBUROPVAUsODo15tM"," 285","  98"
"8260","xqOZEiiJP3r4bGXXjVXV","1787"," 955"
"8263","XR9hn8qO8lYPsDRJsdnb","1664"," 867"
"8266","xRJZbpWAGekVSiIHEl4y"," 562"," 102"
"8275","xS4uu96prU3zTNxGW7ac","2439"," 423"
"8284","Xt8qAyCKScaYHKffzOfZ"," 249"," 135"
"8287","xTFBpXkpc06JG6BQKIwj","1162"," 655"
"8290","xulawKCj0fsnGDDGqKeV"," 261","  42"
"8299","XuNw1AaMFOrFYjV56JdL"," 341","  65"
"8308","xV4Blr8HMmnMBJOf1J0B","  94","  47"
"8311","XvZUzaX3kArKUoghiMKl"," 779"," 473"
"8314","xWADrDx2XkVs5btiBtrO","1011"," 245"
"8320","XworQYyULLkIHm7PIGDy"," 751"," 463"
"8323","XwycmmvDxQ6UpxKTZ56d","1329"," 323"
"8329","xXLj49Y832FzbSyJMqOI","1396"," 751"
"8332","Y0EsrPSfVgKDnGqXynKw"," 669"," 369"
"8335","Y0QF00uSHOyuCV0ymClk"," 956"," 232"
"8341","y1nv61TAG2uv6IcWYuMX","2127"," 371"
"8350","Y5pYyAjO2gCi2d8UMOGg","1784"," 931"
"8353","y6fwdiachRmdQ9QAQp2R","2480"," 579"
"8359","Y6kOiVqRyLksHNE9peLA","1674"," 875"
"8362","y7e3HxqdTYT8KgsoE5Ka","1152"," 282"
"8368","YaEutOzPgldlhMU6uPZ2"," 543"," 194"
"8374","ybMnNPuAsCrwxnI6bW16"," 248","  36"
"8383","ybR9H2hPC0uVhB6ENvAr","2609"," 450"
"8392","yBxPS0fJYhQDZpBoMpL0"," 598"," 206"
"8398","YDBHaUIifdswSU0MFcFX","  60","  19"
"8401","yEIOoOsKmv9fdtClNpru"," 169","  22"
"8410","yfGW9PIJkmIehWdlfY3g"," 154","  46"
"8413","yfhlkHwbaPCy3jgAcYvy"," 424","  57"
"8422","yfQGZEibLNxNywNou01o","1818"," 431"
"8428","yg5e4cPh3gFhgT5FLBsw","2426"," 562"
"8434","yhext19ZpiYbpFkHHqDI","2042"," 469"
"8440","yHtVw2BMxGwHzlXCHI9H","1195"," 663"
"8443","yie2okOG5cfCAzvc0YHz","2460"," 573"
"8449","yIlddU0Rpoo6s4oRC18A","2095","1060"
"8452","yIpYESJEVXZAtoPXAeL3"," 420","  76"
"8461","yjEI28F3t75czrjrEvnW"," 531","  95"
"8470","YjJ479Dxr9h8GsBgqoOs","1380"," 743"
"8473","yjQlgL9l9oDPiRn2bMmG"," 289","  45"
"8482","yJWC4nt9q4UdYJofohVj"," 928"," 546"
"8485","Yl92RqNQvyvgmOl4yiqI"," 930"," 540"
"8488","yLbwsWtN2Q9q7azmBOBe","  63","  27"
"8491","ylcRiVdDlSNuJUaWQYAN","1561"," 361"
"8497","ym99WixIPXupLQFPYYLk"," 832"," 205"
"8503","yMSg12HL8nZRtHQmF5ux","2212","1123"
"8506","YngdYPFlI8vY7jlKEgVv"," 178","  42"
"8509","YNGEixVDWps8NXjIwdVw","2062"," 486"
"8515","YnPaO9Eieb279ciSA955","  15","   5"
"8524","yR25aZfQk6UzvFxa2WP2"," 345","  63"
"8533","yrFRNIyi59NeAEkmWAga","2366"," 544"
"8539","YS2uI8x5i3vklI8f6Wd8"," 333"," 132"
"8545","yS6n8iUBn8ppIrudrgov"," 690"," 436"
"8548","ySX0rNNJzQnFJbx1feNz","1298"," 707"
"8551","yTbRRi01DcVo4PsVejmX","1678"," 918"
"8554","YTU98JDX3XY6VUNoU566"," 322"," 149"
"8557","YW2EV9n2BBQDPSGeieC0"," 558"," 198"
"8563","yWnmz1tyX2RqYP3OgHZ9"," 525"," 285"
"8566","YwSsiuOHeaw5R316qDUb","1029"," 251"
"8572","yX1bHoVmS8V5nSnMjuwL","2453"," 571"
"8578","yxF1D3HyYxhIY0Oa11A7"," 586","  78"
"8587","YXLZusfIklwx3aMcMCcb"," 521","  94"
"8596","yyc21nFyZT2G5BNQ9PUf","  25","  13"
"8602","yyElw0PMgJVtk01js6SJ","1068"," 610"
"8605","z1veviyZWILSWtZaEUc1","1313"," 716"
"8608","Z25NixvvXb7CzQIWXAgM"," 252","  89"
"8614","Z3781QbIHf0xWQCM8AoJ","2264"," 390"
"8623","Z5CZJhJvrEHmcaEBrZzi"," 996"," 182"
"8632","z6Yc8wVMYAQNZUmIXObO"," 267","  39"
"8641","z7KWwz0uOEHjUiWolmtz","1936"," 455"
"8647","z8oBpd7aVvS9EsHFet1L","2608"," 615"
"8653","zAjRIsDSzkYNqU29Le2B","1947"," 995"
"8656","ZDB1sA4FkQs2RNFEzf8D"," 299"," 149"
"8659","zDYvSaNCBumIazUTZQOU","1463"," 260"
"8668","Zefe2y9RusJxggA2HybD","1108"," 627"
"8671","ZEGslV1upJmmSPEodb9W","1137"," 281"
"8677","zEmgUlfhAO6sef7jHSJN","1070"," 611"
"8680","zeqiZJxtzKvFuDaqeMk8","1163"," 668"
"8683","zFc58S4pBqloKPgETZTH","2313"," 401"
"8692","zFMMQ4gbw5R6wzKJmRUV","2280"," 398"
"8701","ZgwtMJefLTe0YSdN6pMG","1290"," 314"
"8707","zhuPS54ukX9sKiwlhH3Q","2149"," 503"
"8713","ZJeRjCdQLeoMuGqonr8f","1074"," 264"
"8719","ZJTBhnc2LwgB0HtS5H7e"," 969"," 566"
"8722","zjW8HLi5GMWizBw6j2dd","1115"," 628"
"8725","zk0IRNKiQgy5NHj0sxXV"," 865"," 210"
"8731","zK401WvmsPEmuIv2qVr1"," 108","  61"
"8734","zMGj315QMg7CoVhjhdB1","2468"," 575"
"8740","zMMfytBqJjNaY5I6VvYo","1424"," 766"
"8743","zMsuQDdILUVqdtSu70bl","  71","  41"
"8752","ZNtVzSAqsl6yNEuJdFoO","1308"," 710"
"8755","zo6saZQ3uE2LCNj5yxYo","1767"," 414"
"8761","zoAg6wknVq1SwBjEVNUe","1729"," 907"
"8764","zOEJJnapPQXe3bi7imjb","1276"," 309"
"8770","ZOkwy6rtzHMVb3dpIcKP","1477"," 809"
"8773","ZoMS7Ng5Ya9zvF6eEFyV","  33","   8"
"8776","ZOshsTdRsDNLSGthyRfz","1684"," 391"
"8782","zRLFdVxJVrs5E4YebGWN","  87","  28"
"8785","ZRLT9yIhjsxHw8pW5vya"," 361"," 178"
"8788","ZsGfY8wBvoMlr0FqK3Cg","2569","1289"
"8791","zSKJX2msMgEUZGn2y2QO"," 422"," 102"
"8797","ZtGLFEsliHbRvvx8b0du","1159"," 291"
"8803","zux3eLE7bSxFiIpL9pk9"," 251"," 136"
"8806","ZUzogX25ngKBwK7fWL5z"," 207"," 228"
"8809","zv9SEXNi8OvwRx5vWTDV","2050","1043"
"8812","ZvOHXpkJZz0kdNI0xmmv","2512"," 588"
"8818","Zwcl3CYNWp3cyzgPNlJe","2548","1284"
"8821","ZWsyZasIxksENWwswnaC"," 373"," 165"
"8824","zWzeG29xdzLuo0MBZSBq","2372","1199"
"8827","zY9C8wAOdVW6eWpwMn3l","2522","1273"
"8830","zyarweYFIJ7Rdv7z7fRE","1812"," 943"
"8833","zyiEO47wGz24Y25rjlT6","  88","  22"
"8836","zYqgXra43Ov166is7Rqj"," 102","  32"
"8839","zyvLnG3ie72wk6iOGQBU","1507"," 365"
"8845","Zz7HWhA1rLeaq0SZvtHQ","1094"," 626"
"8848","ZZhIMbD8AGPTEy5FthwW","1397"," 246"
"8857","zzJNMD87EWq41ChYzGgD","1053"," 601"
"8860","ZzqLinqwV4Q9GGtl5iLq","1355"," 728"
"8863","zZZpNmtXYgNMSXwQ6vhu"," 689"," 132"
